label,message
ham,"Good evening Sir, Al Salam Wahleykkum.sharing a happy news.By the grace of God, i got an offer from Tayseer,TISSCO and i joined.Hope you are fine.Inshah Allah,meet you sometime.Rakhesh,visitor from India."
ham,"Guy, no flash me now. If you go call me, call me. How madam. Take care oh."
spam,Bored housewives! Chat n date now! 0871750.77.11! BT-national rate 10p/min only from landlines!
ham,I havent add Ì_ yet right.. 
ham,"Tonight? Yeah, I'd be down for that"
ham,Prepare to be pleasured :)
ham,"Thats a bit weird, even ?- where is the do supposed to be happening? But good idea, sure they will be in pub!"
ham,Please ask mummy to call father
ham,Dear are you angry i was busy dear
ham,2mro i am not coming to gym machan. Goodnight.
ham,Oops sorry. Just to check that you don't mind picking me up tomo at half eight from station. Would that be ok?
ham,Ya it came a while ago
spam,Ur ringtone service has changed! 25 Free credits! Go to club4mobiles.com to choose content now! Stop? txt CLUB STOP to 87070. 150p/wk Club4 PO Box1146 MK45 2WT
ham,Anything lar then Ì_ not going home 4 dinner?
ham,I was gonna ask you lol but i think its at 7
ham,"Aight fuck it, I'll get it later"
ham,Dont put your phone on silent mode ok
ham,Done it but internet connection v slow and canÛ÷t send it. Will try again later or first thing tomo.
ham,Is there a reason we've not spoken this year? Anyways have a great week and all the best in your exam
spam,URGENT! We are trying to contact U Todays draw shows that you have won a å£800 prize GUARANTEED. Call 09050000460 from land line. Claim J89. po box245c2150pm
ham,\ER
spam,"FREE RING TONE just text \POLYS\"" to 87131. Then every week get a new tone. 0870737910216yrs only å£1.50/wk."""
ham,My uncles in Atlanta. Wish you guys a great semester.
spam,"For ur chance to win a å£250 wkly shopping spree TXT: SHOP to 80878. T's&C's www.txt-2-shop.com custcare 08715705022, 1x150p/wk"
ham,\Its Ur luck to Love someone. Its Ur fortune to Love the one who Loves U. But
ham,Im just wondering what your doing right now?
ham,It vl bcum more difficult..
ham,I need you to be in my strong arms...
ham,"Hey, I missed you tm of last night as my phone was on the charge ... *smiles* ... I am meeting a friend shortly"
ham,He also knows about lunch menu only da. . I know
ham,No probably  &lt;#&gt; %.
ham,"Helloooo... Wake up..! \Sweet\"" \""morning\"" \""welcomes\"" \""You\"" \""Enjoy\"" \""This Day\"" \""with full of joy\"".. \""GUD MRNG\""."""
ham,Then its most likely called Mittelschmertz. Google it. If you dont have paracetamol dont worry it will go.
ham,I sent you  &lt;#&gt;  bucks
ham,Black shirt n blue jeans... I thk i c Ì_...
ham,Think + da. You wil do.
ham,Serious? What like proper tongued her
ham,"I haven't forgotten you, i might have a couple bucks to send you tomorrow, k? I love ya too"
ham,Oh ok.. Wat's ur email?
ham,Ok. She'll be ok. I guess
ham,Thankyou so much for the call. I appreciate your care.
ham,ÌÏ still attending da talks?
spam,Welcome! Please reply with your AGE and GENDER to begin. e.g 24M
ham,ÌÏ go home liao? Ask dad to pick me up at 6...
ham,Am not interested to do like that.
ham,What I'm saying is if you haven't explicitly told nora I know someone I'm probably just not gonna bother
ham,"K, wen ur free come to my home and also tel vikky i hav sent mail to him also.. Better come evening il be free today aftr 6pm..:-)"
ham,Oh gei. That happend to me in tron. Maybe ill dl it in 3d when its out
ham,Aight well keep me informed
spam,Get a FREE mobile video player FREE movie. To collect text GO to 89105. Its free! Extra films can be ordered t's and c's apply. 18 yrs only
ham,It does it on its own. Most of the time it fixes my spelling. But sometimes it gets a completely diff word. Go figure
spam,U have a secret admirer. REVEAL who thinks U R So special. Call 09065174042. To opt out Reply REVEAL STOP. 1.50 per msg recd. Cust care 07821230901
ham,But i'm surprised she still can guess right lor...
ham,"Watching cartoon, listening music &amp; at eve had to go temple &amp; church.. What about u?"
spam,U have a Secret Admirer who is looking 2 make contact with U-find out who they R*reveal who thinks UR so special-call on 09065171142-stopsms-08
spam,FREE UNLIMITED HARDCORE PORN direct 2 your mobile Txt PORN to 69200 & get FREE access for 24 hrs then chrgd@50p per day txt Stop 2exit. This msg is free
ham,Jus finished avatar nigro
ham,"When people see my msgs, They think Iam addicted to msging... They are wrong, Bcoz They don\'t know that Iam addicted to my sweet Friends..!! BSLVYL"
ham,Have a safe trip to Nigeria. Wish you happiness and very soon company to share moments with
ham,Jay is snickering and tells me that x is totally fucking up the chords as we speak
ham,What's happening with you. Have you gotten a job and have you begun registration for permanent residency
ham,No. On the way home. So if not for the long dry spell the season would have been over
ham,So gd got free ice cream... I oso wan...
ham,So dont use hook up any how
ham,I wont touch you with out your permission.
spam,"Think ur smart ? Win å£200 this week in our weekly quiz, text PLAY to 85222 now!T&Cs WinnersClub PO BOX 84, M26 3UZ. 16+. GBP1.50/week"
ham,Hi. I'm sorry i missed your call. Can you pls call back.
ham,Genius what's up. How your brother. Pls send his number to my skype.
ham,If you have belive me. Come to my home.
ham,U guys never invite me anywhere :(
ham,Wa... U so efficient... Gee... Thanx...
ham,I've not sent it. He can send me.
ham,"Sez, hows u & de arab boy? Hope u r all good give my love 2 evry1 love ya eshxxxxxxxxxxx"
ham,PICK UR FONE UP NOW U DUMB?
ham,My birthday is on feb  &lt;#&gt;  da. .
spam,How about getting in touch with folks waiting for company? Just txt back your NAME and AGE to opt in! Enjoy the community (150p/SMS)
ham,"Hmmm.... Mayb can try e shoppin area one, but forgot e name of hotel..."
ham,We will meet soon princess! Ttyl!
ham,Nope thats fine. I might have a nap tho! 
ham,Uncle Abbey! Happy New Year. Abiola
ham,Captain is in our room:)
ham,Yes.. now only saw your message..
ham,Hi Dear Call me its urgnt. I don't know whats your problem. You don't want to work or if you have any other problem at least tell me. Wating for your reply.
spam,FreeMsg Today's the day if you are ready! I'm horny & live in your town. I love sex fun & games! Netcollex Ltd 08700621170150p per msg reply Stop to end
ham,I'm at home. Please call
ham,Dear where you. Call me
ham,I walked an hour 2 c u! doesnåÕt that show I care y wont u believe im serious?
ham,Purity of friendship between two is not about smiling after reading the forwarded message..Its about smiling just by seeing the name. Gud evng
ham,Yes when is the appt again?
ham,Ya had just now.onion roast.
ham,But really quite funny lor wat... Then u shd haf run shorter distance wat...
ham,"That's the trouble with classes that go well - you're due a dodgey one Û_ Expecting mine tomo! See you for recovery, same time, same place "
ham,"Ah, well that confuses things, doesnÛ÷t it?"
ham,"We spend our days waiting for the ideal path to appear in front of us.. But what we forget is.. \paths are made by walking.. not by waiting..\"" Goodnight!"""
ham,cool. We will have fun practicing making babies!
ham,No da. I am happy that we sit together na
ham,ÌÏ collecting ur laptop then going to configure da settings izzit?
ham,Love it! I want to flood that pretty pussy with cum...
ham,Tiwary to rcb.battle between bang and kochi.
ham,No objection. My bf not coming.
ham,"Alright we're hooked up, where you guys at"
ham,I am not having her number sir
ham,The battery is for mr adewale my uncle. Aka Egbon
ham,Kind of. Took it to garage. Centre part of exhaust needs replacing. Part ordered n taking it to be fixed tomo morning.
ham,"Yes, i'm small kid.. And boost is the secret of my energy.."
ham,"Now, whats your house # again ? And do you have any beer there ?"
spam,"Someone U know has asked our dating service 2 contact you! Cant guess who? CALL 09058095107 NOW all will be revealed. POBox 7, S3XY 150p "
ham,"Sir, hope your day is going smoothly. i really hoped i wont have to bother you about this. I have some bills that i can't settle this month. I am out of all extra cash. I know this is a challenging time for you also but i have to let you know."
ham,Lol great now im getting hungry.
ham,Well at this right I'm gonna have to get up and check today's steam sales/pee so text me when you want me to come get you
ham,"Wishing you and your family Merry \X\"" mas and HAPPY NEW Year in advance.."""
ham,Hi Harish's rent has been transfred to ur Acnt.
ham,Thanks. It was only from tescos but quite nice. All gone now. Speak soon 
ham,Nothing will ever be easy. But don't be looking for a reason not to take a risk on life and love
spam,wamma get laid?want real doggin locations sent direct to your mobile? join the UKs largest dogging network. txt dogs to 69696 now!nyt. ec2a. 3lp å£1.50/msg.
spam,Hi. Customer Loyalty Offer:The NEW Nokia6650 Mobile from ONLY å£10 at TXTAUCTION! Txt word: START to No: 81151 & get yours Now! 4T&Ctxt TC 150p/MTmsg
ham,What Today-sunday..sunday is holiday..so no work..
ham,I want  &lt;#&gt;  rs da:)do you have it?
ham,"Thank You for calling.Forgot to say Happy Onam to you Sirji.I am fine here and remembered you when i met an insurance person.Meet You in Qatar Insha Allah.Rakhesh, ex Tata AIG who joined TISSCO,Tayseer."
ham,Hi its me you are probably having too much fun to get this message but i thought id txt u cos im bored! and james has been farting at me all night
ham,"Happy new year to u and ur family...may this new year bring happiness , stability and tranquility to ur vibrant colourful life:):)"
ham,Ok lor. I'm in town now lei.
spam,2p per min to call Germany 08448350055 from your BT line. Just 2p per min. Check PlanetTalkInstant.com for info & T's & C's. Text stop to opt out
ham,You have got tallent but you are wasting.
ham,"And how you will do that, princess? :)"
ham,I had askd u a question some hours before. Its answer
ham,Cool. So how come you havent been wined and dined before?
ham,"Yep, by the pretty sculpture"
ham,Is ur lecture over?
ham,Cancel cheyyamo?and get some money back?
spam,WINNER! As a valued network customer you hvae been selected to receive a å£900 reward! To collect call 09061701444. Valid 24 hours only. ACL03530150PM
ham,Nope but i'll b going 2 sch on fri quite early lor cos mys sis got paper in da morn :-)
ham,Do you know what Mallika Sherawat did yesterday? Find out now @  &lt;URL&gt;
ham,"Good afternoon, my love. It was good to see your words on YM and get your tm. Very smart move, my slave ... *smiles* ... I drink my coffee and await you."
ham,"Come round, it's . "
ham,Sounds like a plan! Cardiff is still here and still cold! I'm sitting on the radiator!
ham,"Since when, which side, any fever, any vomitin."
ham,Not tonight mate. Catching up on some sleep. This is my new number by the way. 
ham,I've reached home n i bathe liao... U can call me now...
ham,Ok how you dear. Did you call chechi
spam,"Hack Chat. Get backdoor entry into 121 chat rooms at a fraction of the cost. Reply NEO69 or call 09050280520, to subscribe 25p pm. DPS, Bcm box 8027 Ldn, wc1n3xx"
ham,2 laptop... I noe infra but too slow lar... I wan fast one
ham,Hey gals.. Anyone of u going down to e driving centre tmr?
ham,Weightloss! No more girl friends. Make loads of money on ebay or something. And give thanks to God.
ham,He neva grumble but i sad lor... Hee... Buy tmr lor aft lunch. But we still meetin 4 lunch tmr a not. Neva hear fr them lei. ÌÏ got a lot of work ar?
ham,Hey what happen de. Are you alright.
ham,Gud ni8 dear..slp well..take care..swt dreams..Muah..
ham,So when do you wanna gym harri
spam,"Free msg. Sorry, a service you ordered from 81303 could not be delivered as you do not have sufficient credit. Please top up to receive the service."
ham,"Its ok chikku, and its my 1 of favourite song..:-)"
ham,Ok.ok ok..then..whats ur todays plan
ham,Usually the body takes care of it buy making sure it doesnt progress. Can we pls continue this talk on saturday.
ham,We'll you pay over like  &lt;#&gt; yrs so its not too difficult
ham,Hey r Ì_ still online? I've finished the formatting...
ham,"Tunji, how's the queen? how are you doing. This is just wishing you a great day. Abiola."
ham,I will come with karnan car. Please wait till 6pm will directly goto doctor.
ham,"I'll get there at 3, unless you guys want me to come some time sooner"
ham,"Yo, you around? Just got my car back"
spam,Congratulations ur awarded 500 of CD vouchers or 125gift guaranteed & Free entry 2 100 wkly draw txt MUSIC to 87066 TnCs www.Ldew.com1win150ppmx3age16
ham,I'm in inside office..still filling forms.don know when they leave me.
ham,I had askd u a question some hours before. Its answer
spam,http//tms. widelive.com/index. wml?id=820554ad0a1705572711&first=trueåÁC C RingtoneåÁ
spam,UR GOING 2 BAHAMAS! CallFREEFONE 08081560665 and speak to a live operator to claim either Bahamas cruise ofå£2000 CASH 18+only. To opt out txt X to 07786200117
ham,What Today-sunday..sunday is holiday..so no work..
ham,ok....take care.umma to you too...
spam,CDs 4u: Congratulations ur awarded å£500 of CD gift vouchers or å£125 gift guaranteed & Freeentry 2 å£100 wkly draw xt MUSIC to 87066 TnCs www.ldew.com1win150ppmx3age16 
ham,Yup...
ham,"If you can make it any time tonight or whenever you can it's cool, just text me whenever you're around"
ham,I guess it is useless calling u 4 something important.
spam,"Fantasy Football is back on your TV. Go to Sky Gamestar on Sky Active and play å£250k Dream Team. Scoring starts on Saturday, so register now!SKY OPT OUT to 88088"
ham,Ok k..sry i knw 2 siva..tats y i askd..
ham,Just woke up. Yeesh its late. But I didn't fall asleep til &lt;#&gt; am :/
ham,Now only i reached home. . . I am very tired now. . I will come tomorro
ham,I cant pick the phone right now. Pls send a message
ham,Does uncle timi help in clearing cars
spam,important information 4 orange user 0789xxxxxxx. today is your lucky day!2find out why log onto http://www.urawinner.com THERE'S A FANTASTIC SURPRISE AWAITING YOU!
ham,"Ya they are well and fine., BBD(pooja) full pimples..even she become quite black..and ur rite here its too cold, wearing sweatter.."
spam,"You have been selected to stay in 1 of 250 top British hotels - FOR NOTHING! Holiday Worth å£350! To Claim, Call London 02072069400. Bx 526, SW73SS"
ham,I'm in office now . I will call you  &lt;#&gt;  min:)
spam,Todays Voda numbers ending 1225 are selected to receive a å£50award. If you have a match please call 08712300220 quoting claim code 3100 standard rates app 
ham,My drive can only be read. I need to write
ham,"True. It is passable. And if you get a high score and apply for phd, you get 5years of salary. So it makes life easier."
ham,SORRY IM STIL FUCKED AFTER LAST NITE WENT TOBED AT 430 GOT UP 4 WORK AT 630
spam,"Want to funk up ur fone with a weekly new tone reply TONES2U 2 this text. www.ringtones.co.uk, the original n best. Tones 3GBP network operator rates apply"
ham,"K, fyi I'm back in my parents' place in south tampa so I might need to do the deal somewhere else"
spam,You won't believe it but it's true. It's Incredible Txts! Reply G now to learn truly amazing things that will blow your mind. From O2FWD only 18p/txt
ham,Don't necessarily expect it to be done before you get back though because I'm just now headin out
ham,Taka lor. Wat time u wan 2 come n look 4 us?
ham,Ya even those cookies have jelly on them
ham,ELLO BABE U OK?
ham,Let me know if you need anything else. Salad or desert or something... How many beers shall i get?
ham,There are no other charges after transfer charges and you can withdraw anyhow you like
ham,I am thinking of going down to reg for pract lessons.. Flung my advance.. Haha wat time u going?
ham," said kiss, kiss, i can't do the sound effects! He is a gorgeous man isn't he! Kind of person who needs a smile to brighten his day! "
ham,You do your studies alone without anyones help. If you cant no need to study.
spam,Fancy a shag? I do.Interested? sextextuk.com txt XXUK SUZY to 69876. Txts cost 1.50 per msg. TnCs on website. X
ham,No da. . Vijay going to talk in jaya tv
ham,Baaaaaaaabe! Wake up ! I miss you ! I crave you! I need you!
ham,Hi where you. You in home or calicut?
ham,No problem. Talk to you later
ham,Alright i have a new goal now
ham,S:-)kallis wont play in first two odi:-)
ham,JADE ITS PAUL. Y DIDNåÕT U TXT ME? DO U REMEMBER ME FROM BARMED? I WANT 2 TALK 2 U! TXT ME
ham,NOT MUCH NO FIGHTS. IT WAS A GOOD NITE!!
ham,Yo you guys ever figure out how much we need for alcohol? Jay and I are trying to figure out how much we can safely spend on weed
ham,Can you let me know details of fri when u find out cos I'm not in tom or fri. mentionned chinese. Thanks
ham,"Alright, I'll head out in a few minutes, text me where to meet you"
ham,Ok lor thanx... ÌÏ in school?
ham,I'm always on yahoo messenger now. Just send the message to me and i.ll get it you may have to send it in the mobile mode sha but i.ll get it. And will reply.
ham,Now that you have started dont stop. Just pray for more good ideas and anything i see that can help you guys i.ll forward you a link.
ham,What you thinked about me. First time you saw me in class.
ham,I AM AT THE GAS STATION. GO THERE.
ham,Thnx dude. u guys out 2nite?
spam,"New Tones This week include: 1)McFly-All Ab.., 2) Sara Jorge-Shock.. 3) Will Smith-Switch.. To order follow instructions on next message"
ham,"Not yet chikku..going to room nw, i'm in bus.."
ham,"wiskey Brandy Rum Gin Beer Vodka Scotch Shampain Wine \KUDI\""yarasu dhina vaazhthukkal. .."""
ham,Ok... But they said i've got wisdom teeth hidden inside n mayb need 2 remove.
ham,Huh y lei...
ham,I'm freezing and craving ice. Fml
ham,No calls..messages..missed calls
spam,Wanna have a laugh? Try CHIT-CHAT on your mobile now! Logon by txting the word: CHAT and send it to No: 8883 CM PO Box 4217 London W1A 6ZF 16+ 118p/msg rcvd
ham,"Wn u r hurt by d prsn who s close 2 u, do fight wit dem. Coz somtimes dis fight saves a relation bt being quiet leaves nothin in a relation.. Gud eveB-)"
ham,"Do you know why god created gap between your fingers..? So that, One who is made for you comes &amp; fills those gaps by holding your hand with LOVE..!"
ham,So Ì_ pay first lar... Then when is da stock comin...
ham,I can ask around but there's not a lot in terms of mids up here
ham,Tell your friends what you plan to do on Valentines day @ &lt;URL&gt;
ham,Men like shorter ladies. Gaze up into his eyes.
spam,Camera - You are awarded a SiPix Digital Camera! call 09061221066 fromm landline. Delivery within 28 days.
ham,Aiyo a bit pai seh Ì_ noe... Scared he dun rem who i am then die... Hee... But he become better lookin oredi leh...
ham,Thanx u darlin!im cool thanx. A few bday drinks 2 nite. 2morrow off! Take care c u soon.xxx
ham,I doubt you could handle 5 times per night in any case...
ham,Normally i use to drink more water daily:)
ham,ÌÏ thk of wat to eat tonight.
spam,"SMS SERVICES. for your inclusive text credits, pls goto www.comuk.net login= 3qxj9 unsubscribe with STOP, no extra charge. help 08702840625.COMUK. 220-CM2 9AE"
ham,"Edison has rightly said, \A fool can ask more questions than a wise man can answer\"" Now you know why all of us are speechless during ViVa.. GM"
ham,I'm awake oh. What's up.
spam,18 days to Euro2004 kickoff! U will be kept informed of all the latest news and results daily. Unsubscribe send GET EURO STOP to 83222.
spam,Congrats! Nokia 3650 video camera phone is your Call 09066382422 Calls cost 150ppm Ave call 3mins vary from mobiles 16+ Close 300603 post BCM4284 Ldn WC1N3XX
ham,Stop the story. I've told him i've returned it and he's saying i should not re order it.
ham,"Today is \song dedicated day..\"" Which song will u dedicate for me? Send this to all ur valuable frnds but first rply me..."""
ham,Dunno lei shd b driving lor cos i go sch 1 hr oni.
spam,"Your free ringtone is waiting to be collected. Simply text the password \MIX\"" to 85069 to verify. Get Usher and Britney. FML"
ham,Oh god i am happy to see your message after 3 days
ham,LOL ... Have you made plans for new years?
ham,"As I entered my cabin my PA said, '' Happy B'day Boss !!''. I felt special. She askd me 4 lunch. After lunch she invited me to her apartment. We went there."
spam,FREE entry into our å£250 weekly comp just send the word ENTER to 84128 NOW. 18 T&C www.textcomp.com cust care 08712405020.
ham,"Alright if you're sure, let me know when you're leaving"
ham,"I thought i'd get him a watch, just cos thats the kind of thing u get4an18th. And he loves so much!"
ham,"\Thinking of u ;) x\"""""
ham,"Yeah work is fine, started last week, all the same stuff as before, dull but easy and guys are fun!"
ham,"Hmmm.. Thk sure got time to hop ard... Ya, can go 4 free abt... Muz call u to discuss liao... "
ham,Thanks for understanding. I've been trying to tell sura that.
ham,I will reach ur home in  &lt;#&gt;  minutes
ham,"K, wait chikku..il send aftr  &lt;#&gt; mins"
ham,"Hey babe, sorry i didn't get sooner. Gary can come and fix it cause he thinks he knows what it is but he doesn't go as far a Ptbo and he says it will cost  &lt;#&gt;  bucks. I don't know if it might be cheaper to find someone there ? We don't have any second hand machines at all right now, let me know what you want to do babe"
ham,Pls help me tell sura that i'm expecting a battery from hont. And that if should pls send me a message about how to download movies. Thanks
ham,Send this to ur friends and receive something about ur voice..... How is my speaking expression? 1.childish 2.naughty 3.Sentiment 4.rowdy 5.ful of attitude 6.romantic 7.shy 8.Attractive 9.funny  &lt;#&gt; .irritating  &lt;#&gt; .lovable. reply me..
spam,"As a valued customer, I am pleased to advise you that following recent review of your Mob No. you are awarded with a å£1500 Bonus Prize, call 09066364589"
spam,u r a winner U ave been specially selected 2 receive å£1000 cash or a 4* holiday (flights inc) speak to a live operator 2 claim 0871277810710p/min (18 )
ham,So what about you. What do you remember
spam,FreeMsg Hi baby wow just got a new cam moby. Wanna C a hot pic? or Fancy a chat?Im w8in 4uTxt / rply CHAT to 82242 Hlp 08712317606 Msg150p 2rcv
spam,"New Mobiles from 2004, MUST GO! Txt: NOKIA to No: 89545 & collect yours today! From ONLY å£1. www.4-tc.biz 2optout 087187262701.50gbp/mtmsg18 TXTAUCTION."
ham,You want to go? 
ham,She just broke down a list of reasons why nobody's in town and I can't tell if she's being sarcastic or just faggy
ham,"When people see my msgs, They think Iam addicted to msging... They are wrong, Bcoz They don\'t know that Iam addicted to my sweet Friends..!! BSLVYL"
ham,U repeat e instructions again. Wat's e road name of ur house?
ham,No. Thank you. You've been wonderful
ham,"Nice. Wait...should you be texting right now? I'm not gonna pay your ticket, ya know!"
spam,"Xmas & New Years Eve tickets are now on sale from the club, during the day from 10am till 8pm, and on Thurs, Fri & Sat night this week. They're selling fast!"
ham,That sucks. I'll go over so u can do my hair. You'll do it free right?
ham,Babe !!!! I LOVE YOU !!!! *covers your face in kisses*
ham,"Although i told u dat i'm into baig face watches now but i really like e watch u gave cos it's fr u. Thanx 4 everything dat u've done today, i'm touched..."
spam,+123 Congratulations - in this week's competition draw u have won the å£1450 prize to claim just call 09050002311 b4280703. T&Cs/stop SMS 08718727868. Over 18 only 150ppm
ham,Then ur sis how?
ham,"A famous quote : when you develop the ability to listen to 'anything' unconditionally without losing your temper or self confidence, it means you are ......... 'MARRIED'"
ham,He is world famamus....
ham,Okie...
ham,Lmao but its so fun...
spam,Dear Voucher holder Have your next meal on us. Use the following link on your pc 2 enjoy a 2 4 1 dining experiencehttp://www.vouch4me.com/etlp/dining.asp
ham,Shant disturb u anymore... Jia you...
ham,Aiyah sorry lor... I watch tv watch until i forgot 2 check my phone.
ham,Ya that one is slow as poo
ham,"Haha awesome, I might need to take you up on that, what you doin tonight?"
ham,"Dude. What's up. How Teresa. Hope you have been okay. When i didnt hear from these people, i called them and they had received the package since dec  &lt;#&gt; . Just thot you'ld like to know. Do have a fantastic year and all the best with your reading. Plus if you can really really Bam first aid for Usmle, then your work is done."
ham,Hope ur head doesn't hurt 2 much ! Am ploughing my way through a pile of ironing ! Staying in with a chinky tonight come round if you like.
ham,Hui xin is in da lib.
ham,No..he joined today itself.
ham,I agree. So i can stop thinkin about ipad. Can you please ask macho the same question.
ham,Ok i vl..do u know i got adsense approved..
ham,Sindu got job in birla soft ..
spam,"FreeMsg Hey there darling it's been 3 week's now and no word back! I'd like some fun you up for it still? Tb ok! XxX std chgs to send, å£1.50 to rcv"
ham,"It'll be tough, but I'll do what I have to"
ham,Aight ill get on fb in a couple minutes
ham,I wonder if you'll get this text?
ham,"Wen ur lovable bcums angry wid u, dnt take it seriously.. Coz being angry is d most childish n true way of showing deep affection, care n luv!.. kettoda manda... Have nice day da."
ham,"I'm not sure, I was just checking out what was happening around the area"
ham,"Huh... Hyde park not in mel ah, opps, got confused... Anyway, if tt's e best choice den we juz have to take it..."
ham,Havent stuck at orchard in my dad's car. Going 4 dinner now. U leh? So r they free tonight?
ham,Oh :-)only 4 outside players allowed to play know
ham,"As I entered my cabin my PA said, '' Happy B'day Boss !!''. I felt special. She askd me 4 lunch. After lunch she invited me to her apartment. We went there."
ham,Sounds like something that someone testing me would sayy
ham,He says he'll give me a call when his friend's got the money but that he's definitely buying before the end of the week
ham,Why don't you wait 'til at least wednesday to see if you get your .
ham,Did u got that persons story
ham,This single single answers are we fighting? Plus i said am broke and you didnt reply
spam,Warner Village 83118 C Colin Farrell in SWAT this wkend @Warner Village & get 1 free med. Popcorn!Just show msg+ticket@kiosk.Valid 4-7/12. C t&c @kiosk. Reply SONY 4 mre film offers
ham,For many things its an antibiotic and it can be used for chest abdomen and gynae infections even bone infections.
spam,Hard LIVE 121 chat just 60p/min. Choose your girl and connect LIVE. Call 09094646899 now! Cheap Chat UK's biggest live service. VU BCM1896WC1N3XX
ham,"Storming msg: Wen u lift d phne, u say \HELLO\"" Do u knw wt is d real meaning of HELLO?? . . . It's d name of a girl..! . . . Yes.. And u knw who is dat girl?? \""Margaret Hello\"" She is d girlfrnd f Grahmbell who invnted telphone... . . . . Moral:One can 4get d name of a person"
ham,Don't fret. I'll buy the ovulation test strips and send them to you. You wont get them til like march. Can you send me your postal address.u'll be alright.Okay.
ham,I see the letter B on my car
ham,Onum ela pa. Normal than.
spam,No 1 POLYPHONIC tone 4 ur mob every week! Just txt PT2 to 87575. 1st Tone FREE ! so get txtin now and tell ur friends. 150p/tone. 16 reply HL 4info
ham,You still around? I could use a half-8th
ham,"Aight, text me tonight and we'll see what's up"
spam,"FreeMsg Why haven't you replied to my text? I'm Randy, sexy, female and live local. Luv to hear from u. Netcollex Ltd 08700621170150p per msg reply Stop to end"
ham,Can you do a mag meeting this avo at some point?
ham,Mm that time you dont like fun
ham,"Will do, you gonna be at blake's all night? I might be able to get out of here a little early"
ham,Dad says hurry the hell up
spam,thesmszone.com lets you send free anonymous and masked messages..im sending this message from there..do you see the potential for abuse???
ham,"2 celebrate my båÕday, y else?"
ham,You need to get up. Now.
ham,Update your face book status frequently :)
ham,How i noe... She's in da car now... Later then c lar... I'm wearing shorts...
ham,Lol I know! Hey someone did a great inpersonation of flea on the forums. I love it!
spam,22 days to kick off! For Euro2004 U will be kept up to date with the latest news and results daily. To be removed send GET TXT STOP to 83222
spam,Buy Space Invaders 4 a chance 2 win orig Arcade Game console. Press 0 for Games Arcade (std WAP charge) See o2.co.uk/games 4 Terms + settings. No purchase
ham,May b approve panalam...but it should have more posts..
ham,But that's on ebay it might be less elsewhere.
ham,Sounds like there could be a lot of time spent in that chastity device boy ... *grins* ... Or take your beatings like a good dog. Going to lounge in a nice long bath now ?
spam,This msg is for your mobile content order It has been resent as previous attempt failed due to network error Queries to customersqueries@netvision.uk.com
ham,Yeah do! DonÛ÷t stand to close tho- youÛ÷ll catch something!
ham,"K, if u bored up just come to my home.."
ham,Hope youåÕre not having too much fun without me!! see u tomorrow love jess x
ham,"Whenevr ur sad, Whenevr ur gray, Remembr im here 2 listn 2 watevr u wanna say, Jus walk wid me a little while,&amp; I promise I'll bring back ur smile.:-)"
ham,"Ok thats cool. Its , just off either raglan rd or edward rd. Behind the cricket ground. Gimme ring when ur closeby see you tuesday."
spam,SMS AUCTION You have won a Nokia 7250i. This is what you get when you win our FREE auction. To take part send Nokia to 86021 now. HG/Suite342/2Lands Row/W1JHL 16+
ham,Hey gorgeous man. My work mobile number is. Have a good one babe. Squishy Mwahs.
spam,Sexy Singles are waiting for you! Text your AGE followed by your GENDER as wither M or F E.G.23F. For gay men text your AGE followed by a G. e.g.23G.
ham,Oh oh... Den muz change plan liao... Go back have to yan jiu again...
ham,Oh is it? Send me the address
ham,He remains a bro amongst bros
ham,U're welcome... Caught u using broken english again...
ham,Your board is working fine. The issue of overheating is also reslove. But still software inst is pending. I will come around 8'o clock.
ham,I like cheap! But iÛ÷m happy to splash out on the wine if it makes you feel better..
ham,SO IS TH GOWER MATE WHICH IS WHERE I AM!?! HOW R U MAN? ALL IS GOOD IN WALES ILL B BACK åÔMORROW. C U THIS WK? WHO WAS THE MSG 4? åÐ RANDOM!
ham,Hasn't that been the pattern recently crap weekends?
ham,I dont thnk its a wrong calling between us
ham,Dhoni have luck to win some big title.so we will win:)
ham,"I can't right this second, gotta hit people up first"
ham,Unlimited texts. Limited minutes.
ham,Compliments to you. Was away from the system. How your side.
ham,That day you asked about anand number. Why:-)
spam,What do U want for Xmas? How about 100 free text messages & a new video phone with half price line rental? Call free now on 0800 0721072 to find out more!
ham,Ok...
ham,Idk. I'm sitting here in a stop and shop parking lot right now bawling my eyes out because i feel like i'm a failure in everything. Nobody wants me and now i feel like i'm failing you.
ham,S..antha num corrct dane
ham,Haven't heard anything and he's not answering my texts so I'm guessing he flaked. That said the jb is fantastic
ham,I wil be there with in  &lt;#&gt;  minutes. Got any space
ham,Oic... I saw him too but i tot he din c me... I found a group liao...
ham,No. Did you multimedia message them or e-mail?
ham,"(And my man carlos is definitely coming by mu tonight, no excuses)"
spam,"XXXMobileMovieClub: To use your credit, click the WAP link in the next txt message or click here>> http://wap. xxxmobilemovieclub.com?n=QJKGIGHJJGCBL"
ham,Carlos'll be here in a minute if you still need to buy
ham,I cant pick the phone right now. Pls send a message
ham,Yetunde i'm in class can you not run water on it to make it ok. Pls now.
spam,"You are being contacted by our dating service by someone you know! To find out who it is, call from a land line 09050000928. PoBox45W2TG150P"
ham,Maybe i could get book out tomo then return it immediately ..? Or something.
ham,I'll be late...
ham,Short But Cute: \Be a good person
ham,U in town alone?
ham,I will be gentle baby! Soon you will be taking all  &lt;#&gt;  inches deep inside your tight pussy...
ham,Lol ... I really need to remember to eat when I'm drinking but I do appreciate you keeping me company that night babe *smiles*
ham,Headin towards busetop
ham,"Whats that coming over the hill..... Is it a monster! Hope you have a great day. Things r going fine here, busy though! "
ham,I wanna watch that movie
ham,Reason is if the team budget is available at last they buy the unsold players for at base rate..
ham,I told her I had a Dr appt next week. She thinks I'm gonna die. I told her its just a check. Nothing to be worried about. But she didn't listen.
ham,Just got outta class gonna go gym.
ham,Aiyar dun disturb u liao... Thk u have lots 2 do aft ur cupboard come...
ham,Hi this is yijue... It's regarding the 3230 textbook it's intro to algorithms second edition... I'm selling it for $50...
spam,A link to your picture has been sent. You can also use http://alto18.co.uk/wave/wave.asp?o=44345
ham,how are you? I miss you!
ham,I reach home safe n sound liao...
ham,yes baby! I need to stretch open your pussy!
ham,Am also doing in cbe only. But have to pay.
ham,I think if he rule tamilnadu..then its very tough for our people.
ham,"\Hi darlin i cantdo anythingtomorrow as myparents aretaking me outfor a meal. when are u free? Katexxx\"""""
ham,Hope this text meets you smiling. If not then let this text give you a reason to smile. Have a beautiful day.
ham,"Aight I've been set free, think you could text me blake's address? It occurs to me I'm not quite as sure what I'm doing as I thought I was"
ham,ITS A LAPTOP TAKE IT WITH YOU.
ham,Dude while were makin those weirdy brownies my sister made awesome cookies. I took pics.
ham,There is a first time for everything :)
ham,If I die I want u to have all my stuffs.
spam,Free msg: Single? Find a partner in your area! 1000s of real people are waiting to chat now!Send CHAT to 62220Cncl send STOPCS 08717890890å£1.50 per msg
spam,"Eerie Nokia tones 4u, rply TONE TITLE to 8007 eg TONE DRACULA to 8007 Titles: GHOST, ADDAMSFA, MUNSTERS, EXORCIST, TWILIGHT www.getzed.co.uk POBox36504W45WQ 150p "
ham,Now project pa. After that only i can come.
spam,"Got what it takes 2 take part in the WRC Rally in Oz? U can with Lucozade Energy! Text RALLY LE to 61200 (25p), see packs or lucozade.co.uk/wrc & itcould be u!"
ham,(That said can you text him one more time?)
ham,I was just callin to say hi. Take care bruv!
spam,"URGENT! Your Mobile No 07808726822 was awarded a å£2,000 Bonus Caller Prize on 02/09/03! This is our 2nd attempt to contact YOU! Call 0871-872-9758 BOX95QU"
ham,"\Pete can you please ring meive hardly gotany credit\"""""
spam,"Bored of speed dating? Try SPEEDCHAT, txt SPEEDCHAT to 80155, if you don't like em txt SWAP and get a new chatter! Chat80155 POBox36504W45WQ 150p/msg rcd 16"
ham,So Ì_'ll be submitting da project tmr rite?
ham,Joy's father is John. Then John is the NAME of Joy's father. Mandan
ham,....photoshop makes my computer shut down.
ham,Well I wasn't available as I washob nobbing with last night so they had to ask Nickey Platt instead of me!;
ham,You still at grand prix?
ham,Dude avatar 3d was imp. At one point i thought there were actually flies in the room and almost tried hittng one as a reflex
ham,U studying in sch or going home? Anyway i'll b going 2 sch later.
ham,"Sorry, I'll call you  later. I am in meeting sir."
ham,How. Its a little difficult but its a simple way to enter this place
ham,No message..no responce..what happend?
ham,Are you going to wipro interview today?
ham,What u mean u almost done? Done wif sleeping? But i tot u going to take a nap.. Yup i send her liao so i'm picking her up at ard 4 smth lor..
ham,Can u get pic msgs to your phone?
ham,You unbelievable faglord
ham,K...k:)why cant you come here and search job:)
ham,What you need. You have a person to give na.
ham,Yo come over carlos will be here soon
ham,How i noe... Did Ì_ specify da domain as nusstu... ÌÏ still in sch...
ham,"By the way, 'rencontre' is to meet again. Mountains dont...."
ham,Future is not what we planned for tomorrow.....! it is the result of what we do today...! Do the best in present... enjoy the future.
ham,G wants to know where the fuck you are
ham,S.i'm watching it in live..
ham,Oh k:)after that placement there ah?
ham,From tomorrow onwards eve 6 to 3 work.
ham,"Hi this is yijue, can i meet u at 11 tmr?"
ham,"Funny fact Nobody teaches volcanoes 2 erupt, tsunamis 2 arise, hurricanes 2 sway aroundn no 1 teaches hw 2 choose a wife Natural disasters just happens"
ham,"V-aluable. A-ffectionate. L-oveable. E-ternal. N-oble. T-ruthful. I-ntimate. N-atural. E-namous. Happy \VALENTINES DAY\"" in advance"""
ham,Joy's father is John. Then John is the NAME of Joy's father. Mandan
ham,Yeah it's jus rite...
ham,Jordan got voted out last nite!
ham,Lol yep did that yesterday. Already got my fireplace. Now its just another icon sitting there for me.
spam,88066 FROM 88066 LOST 3POUND HELP
spam,87077: Kick off a new season with 2wks FREE goals & news to ur mobile! Txt ur club name to 87077 eg VILLA to 87077
ham,Horrible gal. Me in sch doing some stuff. How come u got mc?
ham,May i call You later Pls
ham,Thats cool. Where should i cum? On you or in you? :)
ham,Ill call you evening ill some ideas.
ham,"Sorry, my battery died, I can come by but I'm only getting a gram for now, where's your place?"
ham,Ok...
ham,Both :) i shoot big loads so get ready!
ham,Dnt worry...use ice pieces in a cloth pack.also take 2 tablets.
ham,"Ooh, 4got, i'm gonna start belly dancing in moseley weds 6.30 if u want 2 join me, they have a cafe too. "
ham,"Honeybee Said: *I'm d Sweetest in d World* God Laughed &amp; Said: *Wait,U Havnt Met d Person Reading This Msg* MORAL: Even GOD Can Crack Jokes! GM+GN+GE+GN:)"
ham,"K so am I, how much for an 8th? Fifty?"
ham,Yeah imma come over cause jay wants to do some drugs
ham,I dont. Can you send it to me. Plus how's mode.
ham,At 4. Let's go to bill millers
ham,Geeeee ... I love you so much I can barely stand it
ham,And pls pls drink plenty plenty water
spam,"You are a å£1000 winner or Guaranteed Caller Prize, this is our Final attempt to contact you! To Claim Call 09071517866 Now! 150ppmPOBox10183BhamB64XE"
ham,The monthly amount is not that terrible and you will not pay anything till 6months after finishing school.
spam,Call FREEPHONE 0800 542 0578 now!
ham,"My painful personal thought- \I always try to keep everybody happy all the time. But nobody recognises me when i am alone\"""""
ham,Okie Ì_ wan meet at bishan? Cos me at bishan now. I'm not driving today.
ham,No need to say anything to me. I know i am an outsider
ham,Hello. Damn this christmas thing. I think i have decided to keep this mp3 that doesnt work.
ham,He is there. You call and meet him
ham,"Single line with a big meaning::::: \Miss anything 4 ur \""Best Life\"" but"
ham,How's it going? Got any exciting karaoke type activities planned? I'm debating whether to play football this eve. Feeling lazy though.
ham,"IåÕm cool ta luv but v.tired 2 cause i have been doin loads of planning all wk, we have got our social services inspection at the nursery! Take care & spk sn x."
ham,"I'm a guy, browsin is compulsory"
ham,I cant pick the phone right now. Pls send a message
ham,"Yeah go on then, bored and depressed sittin waitin for phone to ring... Hope the wind drops though, scary"
ham,"Hi, wkend ok but journey terrible. Wk not good as have huge back log of marking to do"
ham,Still i have not checked it da. . .
ham,"Haha, just what I was thinkin"
ham,Aiyar u so poor thing... I give u my support k... Jia you! I'll think of u...
ham,Aiyo u so poor thing... Then u dun wan 2 eat? U bathe already?
ham,"Yo carlos, a few friends are already asking me about you, you working at all this weekend?"
spam,1st wk FREE! Gr8 tones str8 2 u each wk. Txt NOKIA ON to 8007 for Classic Nokia tones or HIT ON to 8007 for Polys. Nokia/150p Poly/200p 16+
ham,ALRITE
ham,The Xmas story is peace.. The Xmas msg is love.. The Xmas miracle is jesus.. Hav a blessed month ahead &amp; wish U Merry Xmas...
ham,"Send ur birthdate with month and year, I will tel u ur LIFE PARTNER'S name. and the method of calculation. Reply must."
ham,Actually I decided I was too hungry so I haven't left yet :V
ham,Sent me ur email id soon
ham,Doc prescribed me morphine cause the other pain meds aren't enough. Waiting for my mom to bring it. That med should kick in fast so I'm gonna try to be on later
spam,Customer Loyalty Offer:The NEW Nokia6650 Mobile from ONLY å£10 at TXTAUCTION! Txt word: START to No: 81151 & get yours Now! 4T&Ctxt TC 150p/MTmsg
spam,TBS/PERSOLVO. been chasing us since Sept forå£38 definitely not paying now thanks to your information. We will ignore them. Kath. Manchester.
ham,Just finished eating. Got u a plate. NOT leftovers this time.
ham,"I'm in a meeting, call me later at"
ham,Nothin comes to my mind. ÌÏ help me buy hanger lor. Ur laptop not heavy?
ham,I dont have any of your file in my bag..i was in work when you called me.i 'll tell you if i find anything in my room.
ham,I am taking you for italian food. How about a pretty dress with no panties? :)
ham,"see, i knew giving you a break a few times woul lead to you always wanting to miss curfew. I was gonna gibe you 'til one, but a MIDNIGHT movie is not gonna get out til after 2. You need to come home. You need to getsleep and, if anything, you need to b studdying ear training."
ham,Good Morning my Dear Shijutta........... Have a great &amp; successful day.
ham,"Living is very simple.. Loving is also simple.. Laughing is too simple.. Winning is tooo simple.. But, Being 'SIMPLE' is very difficult...;-) :-)"
ham,"I'm done. I'm sorry. I hope your next space gives you everything you want. Remember all the furniture is yours. If i'm not around when you move it, just lock all the locks and leave the key with jenne."
ham,Ok lor...
ham,Our Prashanthettan's mother passed away last night. pray for her and family.
ham,"Fun fact: although you would think armand would eventually build up a tolerance or some shit considering how much he smokes, he gets fucked up in like 2 hits"
ham,Yes..he is really great..bhaji told kallis best cricketer after sachin in world:).very tough to get out.
ham,K k :-):-) then watch some films.
spam,FROM 88066 LOST å£12 HELP
ham,Hey ! Don't forget ... You are MINE ... For ME ... My possession ... MY property ... MMM ... *childish smile* ...
spam,"Shop till u Drop, IS IT YOU, either 10K, 5K, å£500 Cash or å£100 Travel voucher, Call now, 09064011000. NTT PO Box CR01327BT fixedline Cost 150ppm mobile vary"
ham,"Excellent, I'll see what riley's plans are"
ham,K..k:)how about your training process?
ham,Beautiful truth : Expression of the face could Be seen by everyone... But the depression of heart Could be understood only By the Loved ones.. Gud Ni8;-)
ham,From here after The performance award is calculated every two month.not for current one month period..
ham,"Height of \Oh shit....!!\"" situation: A guy throws a luv letter on a gal but falls on her brothers head whos a gay"
ham,"Hey babe! I saw you came online for a second and then you disappeared, what happened ?"
ham,WOT U WANNA DO THEN MISSY?
spam,The current leading bid is 151. To pause this auction send OUT. Customer Care: 08718726270
ham,Y bishan lei... I tot Ì_ say lavender? 
ham,"Probably, want to pick up more?"
ham,Do u konw waht is rael FRIENDSHIP Im gving yuo an exmpel: Jsut ese tihs msg.. Evrey splleing of tihs msg is wrnog.. Bt sitll yuo can raed it wihtuot ayn mitsake.. GOODNIGHT &amp; HAVE A NICE SLEEP..SWEET DREAMS..
ham,Dunno lei... I might b eatin wif my frens... If Ì_ wan to eat then i wait 4 Ì_ lar
ham,Wat happened to the cruise thing
spam,Hi if ur lookin 4 saucy daytime fun wiv busty married woman Am free all next week Chat now 2 sort time 09099726429 JANINExx Callså£1/minMobsmoreLKPOBOX177HP51FL
ham,"Hey... Thk we juz go accordin to wat we discussed yest lor, except no kb on sun... Cos there's nt much lesson to go if we attend kb on sat..."
ham,1 I don't have her number and 2 its gonna be a massive pain in the ass and i'd rather not get involved if that's possible
ham,"\Gimme a few\"" was  &lt;#&gt;  minutes ago"""
ham,"I'm taking derek &amp; taylor to walmart, if I'm not back by the time you're done just leave the mouse on my desk and I'll text you when priscilla's ready"
ham,Crucify is c not s. You should have told me earlier.
ham,Missed your call cause I was yelling at scrappy. Miss u. Can't wait for u to come home. I'm so lonely today.
ham,"Gal n boy walking in d park. gal-can i hold ur hand? boy-y? do u think i would run away? gal-no, jst wana c how it feels walking in heaven with an prince..GN:-)"
ham,So i'm doing a list of buyers.
ham,"It's fine, imma get a drink or somethin. Want me to come find you?"
ham,Your account has been refilled successfully by INR  &lt;DECIMAL&gt; . Your KeralaCircle prepaid account balance is Rs  &lt;DECIMAL&gt; . Your Transaction ID is KR &lt;#&gt; .
ham,I enjoy watching and playing football and basketball. Anything outdoors. And you?
ham,All boys made fun of me today. Ok i have no problem. I just sent one message just for fun
ham,I sent them. Do you like?
ham,Okie...
ham,Or i go home first lar Ì_ wait 4 me lor.. I put down my stuff first..
ham,I will lick up every drop :) are you ready to use your mouth as well?
ham,Good day to You too.Pray for me.Remove the teeth as its painful maintaining other stuff.
spam,You have won a Nokia 7250i. This is what you get when you win our FREE auction. To take part send Nokia to 86021 now. HG/Suite342/2Lands Row/W1JHL 16+
spam,Congratulations ur awarded 500 of CD vouchers or 125gift guaranteed & Free entry 2 100 wkly draw txt MUSIC to 87066
ham,But my family not responding for anything. Now am in room not went to home for diwali but no one called me and why not coming. It makes me feel like died.
ham,Do u noe how 2 send files between 2 computers?
ham,How long does it take to get it.
ham,Yup ok thanx...
ham,Was just about to ask. Will keep this one. Maybe that's why you didn't get all the messages we sent you on glo
ham,Ok anyway no need to change with what you said
ham,Wat time Ì_ finish?
ham,I cant pick the phone right now. Pls send a message
ham,Eat at old airport road... But now 630 oredi... Got a lot of pple...
spam,You have WON a guaranteed å£1000 cash or a å£2000 prize. To claim yr prize call our customer service representative on 08714712412 between 10am-7pm Cost 10p
ham,It is a good thing I'm now getting the connection to bw
ham,"Thank you so much. When we skyped wit kz and sura, we didnt get the pleasure of your company. Hope you are good. We've given you ultimatum oh! We are countin down to aburo. Enjoy!"
ham,Ooooooh I forgot to tell u I can get on yoville on my phone
ham,Don't forget though that I love you .... And I walk beside you. Watching over you and keeping your heart warm.
spam,"Urgent! call 09061749602 from Landline. Your complimentary 4* Tenerife Holiday or å£10,000 cash await collection SAE T&Cs BOX 528 HP20 1YF 150ppm 18+"
spam,"FREE NOKIA Or Motorola with upto 12mths 1/2price linerental, 500 FREE x-net mins&100txt/mth FREE B'tooth*. Call Mobileupd8 on 08001950382 or call 2optout/D3WV"
ham,I love to cuddle! I want to hold you in my strong arms right now...
ham,So no messages. Had food?
ham,I couldn't say no as he is a dying man and I feel sad for him so I will go and I just wanted you to know I would probably be gone late into your night
ham,Still chance there. If you search hard you will get it..let have a try :)
ham,Thanks for picking up the trash.
ham,Yep get with the program. You're slacking.
ham,Its ok my arm is feeling weak cuz i got a shot so we can go another time
ham,I am in hospital da. . I will return home in evening
ham,I had askd u a question some hours before. Its answer
spam,Back 2 work 2morro half term over! Can U C me 2nite 4 some sexy passion B4 I have 2 go back? Chat NOW 09099726481 Luv DENA Calls å£1/minMobsmoreLKPOBOX177HP51FL
ham,"Night has ended for another day, morning has come in a special way. May you smile like the sunny rays and leaves your worries at the blue blue bay. Gud mrng"
ham,How's ur paper?
ham,No way I'm going back there!
ham,"Dear,Me at cherthala.in case u r coming cochin pls call bfore u start.i shall also reach accordingly.or tell me which day u r coming.tmorow i am engaged ans its holiday."
spam,"Sppok up ur mob with a Halloween collection of nokia logo&pic message plus a FREE eerie tone, txt CARD SPOOK to 8007"
ham,O ic lol. Should play 9 doors sometime yo
ham,"A boy was late 2 home. His father: \POWER OF FRNDSHIP\"""""
ham,Thx. All will be well in a few months
ham,Hey i've booked the 2 lessons on sun liao...
ham,Ranjith cal drpd Deeraj and deepak 5min hold
ham,"A bit of Ur smile is my hppnss, a drop of Ur tear is my sorrow, a part of Ur heart is my life, a heart like mine wil care for U, forevr as my GOODFRIEND"
ham,\alright babe
ham,Happy birthday to you....dear.with lots of love.rakhesh NRI
ham,Hi! You just spoke to MANEESHA V. We'd like to know if you were satisfied with the experience. Reply Toll Free with Yes or No.
ham,That's the way you should stay oh.
ham,I could ask carlos if we could get more if anybody else can chip in
ham,CHEERS LOU! YEAH WAS A GOODNITE SHAME U NEVA CAME! C YA GAILxx
ham,Ma head dey swell oh. Thanks for making my day
ham,I want to sent  &lt;#&gt; mesages today. Thats y. Sorry if i hurts
ham,When u love someone Dont make them to love u as much as u do. But Love them so much that they dont want to be loved by anyone except you... Gud nit.
ham,"Derp. Which is worse, a dude who always wants to party or a dude who files a complaint about the three drug abusers he lives with"
spam,URGENT This is our 2nd attempt to contact U. Your å£900 prize from YESTERDAY is still awaiting collection. To claim CALL NOW 09061702893
spam,Hello. We need some posh birds and chaps to user trial prods for champneys. Can i put you down? I need your address and dob asap. Ta r
ham,You are a very very very very bad girl. Or lady.
ham,I only work from mon to thurs but Sat i cant leh... Booked liao... Which other day u free?
spam,"This is the 2nd attempt to contract U, you have won this weeks top prize of either å£1000 cash or å£200 prize. Just call 09066361921"
ham,"Sorry pa, i dont knw who ru pa?"
ham,Hope you are having a great new semester. Do wish you the very best. You are made for greatness.
ham,Will do. Was exhausted on train this morning. Too much wine and pie. You sleep well too
ham,"Good afternoon on this glorious anniversary day, my sweet J !! I hope this finds you happy and content, my Prey. I think of you and send a teasing kiss from across the sea coaxing images of fond souveniers ... You Cougar-Pen"
ham,HI DARLIN HOW WAS WORK DID U GET INTO TROUBLE? IJUST TALKED TO YOUR MUM ALL MORNING! I HAD A REALLY GOOD TIME LAST NIGHT IM GOIN OUT SOON BUT CALL ME IF U CAN
ham,"I can probably come by, everybody's done around  &lt;#&gt;  right?"
ham,Just sleeping..and surfing
ham,I fetch yun or u fetch?
ham,ÌÏ give me some time to walk there.
ham,Thanks for loving me so. You rock
ham,\YEH I AM DEF UP4 SOMETHING SAT
ham,I will take care of financial problem.i will help:)
ham,What year. And how many miles.
ham,"Hey doc pls I want to get nice t shirt for my hubby nice fiting ones my budget is  &lt;#&gt; k help pls I will load d card abi hw,keep me posted luv. 2 mj"
ham,Going to join tomorrow.
ham,I wish things were different. I wonder when i will be able to show you how much i value you. Pls continue the brisk walks no drugs without askin me please and find things to laugh about. I love you dearly.
ham,Oic cos me n my sis got no lunch today my dad went out... So dunno whether 2 eat in sch or wat...
ham,If you r @ home then come down within 5 min
ham,Macha dont feel upset.i can assume your mindset.believe me one evening with me and i have some wonderful plans for both of us.LET LIFE BEGIN AGAIN.call me anytime
ham,"That's cool, I'll come by like  &lt;#&gt; ish"
ham,When can Ì_ come out?
ham,Ok enjoy . R u there in home.
ham,For real when u getting on yo? I only need 2 more tickets and one more jacket and I'm done. I already used all my multis.
ham,Aight should I just plan to come up later tonight?
ham,Kent vale lor... ÌÏ wait 4 me there ar?
ham,"sure, but make sure he knows we ain't smokin yet"
ham,I'm now but have to wait till 2 for the bus to pick me.
ham,Waiting for your call.
ham,Or u ask they all if next sat can a not. If all of them can make it then i'm ok lor.
ham,I am on the way to ur home
ham,Ok lor but not too early. Me still having project meeting now.
ham,at bruce b downs &amp; fletcher now
ham,"No my blankets are sufficient, thx"
ham,India have to take lead:)
ham,Get down in gandhipuram and walk to cross cut road. Right side &lt;#&gt; street road and turn at first right.
ham,Your opinion about me? 1. Over 2. Jada 3. Kusruthi 4. Lovable 5. Silent 6. Spl character 7. Not matured 8. Stylish 9. Simple Pls reply..
ham,This is wishing you a great day. Moji told me about your offer and as always i was speechless. You offer so easily to go to great lengths on my behalf and its stunning. My exam is next friday. After that i will keep in touch more. Sorry.
ham,Hai ana tomarrow am coming on morning.  &lt;DECIMAL&gt;  ill be there in sathy then we ll go to RTO office. Reply me after came to home.
ham,Cheers for the card ... Is it that time of year already?
ham,"\Hi missed your Call and my mumHas beendropping red wine all over theplace! what is your adress?\"""""
ham,"Awesome, think we can get an 8th at usf some time tonight?"
ham,In xam hall boy asked girl Tell me the starting term for dis answer I can den manage on my own After lot of hesitation n lookin around silently she said THE! intha ponnungale ipaditan;)
ham,Looks like u wil b getting a headstart im leaving here bout 2.30ish but if u r desperate for my company I could head in earlier-we were goin to meet in rummer.
ham,K.:)you are the only girl waiting in reception ah?
ham,Any chance you might have had with me evaporated as soon as you violated my privacy by stealing my phone number from your employer's paperwork. Not cool at all. Please do not contact me again or I will report you to your supervisor.
ham,Pls send me the correct name da.
ham,Thanks honey but still haven't heard anything I will leave it a bit longer so not 2 crowd him and will try later - great advice thanks hope cardiff is still there!
ham,"Somewhr someone is surely made 4 u. And God has decided a perfect time to make u meet dat person. . . . till den, . . . . . Enjoy ur crushes..!!!;-)"
ham,Tessy..pls do me a favor. Pls convey my birthday wishes to Nimya..pls dnt forget it. Today is her birthday Shijas
ham,"No i'm not. I can't give you everything you want and need. You actually could do better for yourself on yor own--you've got more money than i do. I can't get work, i can't get a man, i can't pay the rent, i can't even fill my fucking gas tank. yes, i'm stressed and depressed. I didn't even call home for thanksgiving cuz i'll have to tell them i,m up to nothing."
ham,", im .. On the snowboarding trip. I was wondering if your planning to get everyone together befor we go..a meet and greet kind of affair? Cheers, "
ham,Cos darren say Ì_ considering mah so i ask Ì_...
spam,"Mila, age23, blonde, new in UK. I look sex with UK guys. if u like fun with me. Text MTALK to 69866.18 . 30pp/txt 1st 5free. å£1.50 increments. Help08718728876"
ham,ARE YOU IN TOWN? THIS IS V. IMPORTANT
ham,We r outside already.
ham,I luv u soo much u donåÕt understand how special u r 2 me ring u 2morrow luv u xxx
ham,Hey you gave them your photo when you registered for driving ah? Tmr wanna meet at yck? 
ham,My phone
ham,Ok... I din get ur msg...
ham,Ok then i will come to ur home after half an hour
ham,Dont know supports ass and srt i thnk. I think ps3 can play through usb too
ham,"MOON has come to color your dreams, STARS to make them musical and my SMS to give you warm and Peaceful Sleep. Good Night"
ham,Ok... C ya...
ham,Yup
ham,Congrats kano..whr s the treat maga?
ham,"Sorry, I can't help you on this."
ham,Morning only i can ok.
ham,"ItÛ÷s å£6 to get in, is that ok?"
ham,But we havent got da topic yet rite?
ham,"Yeah I should be able to, I'll text you when I'm ready to meet up"
ham,Just send a text. We'll skype later.
spam,As a registered optin subscriber ur draw 4 å£100 gift voucher will be entered on receipt of a correct ans to 80062 Whats No1 in the BBC charts
ham,"I hope your alright babe? I worry that you might have felt a bit desparate when you learned the job was a fake ? I am here waiting when you come back, my love"
spam,important information 4 orange user . today is your lucky day!2find out why log onto http://www.urawinner.com THERE'S A FANTASTIC SURPRISE AWAITING YOU!
ham,No calls..messages..missed calls
ham,Where in abj are you serving. Are you staying with dad or alone.
spam,SMS SERVICES For your inclusive text credits pls gotto www.comuk.net login 3qxj9 unsubscribe with STOP no extra charge help 08702840625 comuk.220cm2 9AE
ham,Apo all other are mokka players only
ham,I actually did for the first time in a while. I went to bed not too long after i spoke with you. Woke up at 7. How was your night?
spam,"Dear Matthew please call 09063440451 from a landline, your complimentary 4*Lux Tenerife holiday or å£1000 CASH await collection. ppm150 SAE T&Cs Box334 SK38XH."
ham,What's the significance?
ham,All e best 4 ur exam later.
spam,dating:i have had two of these. Only started after i sent a text to talk sport radio last week. Any connection do you think or coincidence?
spam,"Hungry gay guys feeling hungry and up 4 it, now. Call 08718730555 just 10p/min. To stop texts call 08712460324 (10p/min)"
ham,Where r e meeting tmr?
spam,25p 4 alfie Moon's Children in need song on ur mob. Tell ur m8s. Txt Tone charity to 8007 for Nokias or Poly charity for polys: zed 08701417012 profit 2 charity.
ham,"I jus hope its true that  missin me cos i'm really missin him! You haven't done anything to feel guilty about, yet."
ham,i dnt wnt to tlk wid u
ham,That sucks. So what do you got planned for your yo valentine? I am your yo valentine aren't I?
ham,Tell me whos this pls:-)
ham,"Hey , is * rite u put åÈ10 evey mnth is that all?"
ham,Yavnt tried yet and never played original either
ham,Ok I'm gonna head up to usf in like fifteen minutes
ham,"Aight, see you in a bit"
ham,"The table's occupied, I'm waiting by the tree"
ham,It only does simple arithmetic not percentages.
ham,PLEASSSSSSSEEEEEE TEL ME V AVENT DONE SPORTSx
ham,Sorry me going home first... Daddy come fetch Ì_ later...
ham,Should i buy him a blackberry bold 2 or torch. Should i buy him new or used. Let me know. Plus are you saying i should buy the  &lt;#&gt; g wifi ipad. And what are you saying about the about the  &lt;#&gt; g?
ham,Mm umma ask vava also to come tell him can play later together
ham,"A few people are at the game, I'm at the mall with iouri and kaila"
spam,WIN a year supply of CDs 4 a store of ur choice worth å£500 & enter our å£100 Weekly draw txt MUSIC to 87066 Ts&Cs www.Ldew.com.subs16+1win150ppmx3
ham,"Sorry, I'll call later"
ham,Badrith is only for chennai:)i will surely pick for us:)no competition for him.
spam,Cashbin.co.uk (Get lots of cash this weekend!) www.cashbin.co.uk Dear Welcome to the weekend We have got our biggest and best EVER cash give away!! These..
ham,;-) ok. I feel like john lennon.
ham,That's one of the issues but california is okay. No snow so its manageable
ham,"Hi. Hope ur day * good! Back from walk, table booked for half eight. Let me know when ur coming over."
ham,Then why you not responding
ham,Which is weird because I know I had it at one point
ham,We got a divorce. Lol. She.s here
ham,Jos ask if u wana meet up?
ham,Today iZ Yellow rose day. If u love my frndship give me 1 misscall &amp; send this to ur frndZ &amp; See how many miss calls u get. If u get 6missed U marry ur Lover.
ham,"You have come into my life and brought the sun ..Shiny down on me, warming my heart. Putting a constant smile on my face ... Making me feel loved and cared for"
ham,I'm reading the text i just sent you. Its meant to be a joke. So read it in that light
ham,Lol! U drunkard! Just doing my hair at d moment. Yeah still up 4 tonight. Wats the plan? 
ham,Are you angry with me. What happen dear
ham,Am on a train back from northampton so i'm afraid not! I'm staying skyving off today ho ho! Will be around wednesday though. Do you fancy the comedy club this week by the way?
ham,Im good! I have been thinking about you...
ham,"LOOK AT AMY URE A BEAUTIFUL, INTELLIGENT WOMAN AND I LIKE U A LOT. I KNOW U DONåÕT LIKE ME LIKE THAT SO DONåÕT WORRY."
ham,I will vote for wherever my heart guides me
spam,SMS AUCTION - A BRAND NEW Nokia 7250 is up 4 auction today! Auction is FREE 2 join & take part! Txt NOKIA to 86021 now!
ham,Pls tell nelson that the bb's are no longer comin. The money i was expecting aint coming
ham,Just re read it and I have no shame but tell me how he takes it and if he runs I will blame u 4 ever!! Not really 4 ever just a long time 
ham,"In case you wake up wondering where I am, I forgot I have to take care of something for grandma today, should be done before the parade"
ham,What time. IÛ÷m out until prob 3 or so
ham,"Hello, yeah i've just got out of the bath and need to do my hair so i'll come up when i'm done, yeah?"
ham,My computer just fried the only essential part we don't keep spares of because my fucking idiot roommates looovvve leaving the thing running on full  &lt;#&gt; /7
ham,No de.am seeing in online shop so that i asked.
spam,Hard LIVE 121 chat just 60p/min. Choose your girl and connect LIVE. Call 09094646899 now! Cheap Chat UK's biggest live service. VU BCM1896WC1N3XX
ham,I don't think he has spatula hands!
ham,Long after I quit. I get on only like 5 minutes a day as it is.
ham,I'm okay. Chasing the dream. What's good. What are you doing next.
ham,Oh ho. Is this the first time u use these type of words
ham,Lol I know! They're so dramatic. Schools already closed for tomorrow. Apparently we can't drive in the inch of snow were supposed to get.
ham,K..give back my thanks.
ham,haha but no money leh... Later got to go for tuition... Haha and looking for empty slots for driving lessons
spam,Hope you enjoyed your new content. text stop to 61610 to unsubscribe. help:08712400602450p Provided by tones2you.co.uk
ham,Did u receive my msg?
ham,"Single line with a big meaning::::: \Miss anything 4 ur \""Best Life\"" but"
ham,Oh oh... Wasted... Den muz chiong on sat n sun liao...
ham,Its normally hot mail. Com you see!
ham,"I'm back &amp; we're packing the car now, I'll let you know if there's room"
ham,COME BACK TO TAMPA FFFFUUUUUUU
ham,Thanx a lot...
spam,U have won a nokia 6230 plus a free digital camera. This is what u get when u win our FREE auction. To take part send NOKIA to 83383 now. POBOX114/14TCR/W1 16
ham,"Okies... I'll go yan jiu too... We can skip ard oso, go cine den go mrt one, blah blah blah... "
spam,"Congratulations! Thanks to a good friend U have WON the å£2,000 Xmas prize. 2 claim is easy, just call 08718726978 NOW! Only 10p per minute. BT-national-rate"
ham,Wat's my dear doing? Sleeping ah?
ham,WHORE YOU ARE UNBELIEVABLE.
ham,*deep sigh* ... I miss you :-( ... I am really surprised you haven't gone to the net cafe yet to get to me ... Don't you miss me?
ham,Err... Cud do. I'm going to  at 8pm. I haven't got a way to contact him until then.
ham,"Just got part Nottingham - 3 hrs 63miles. Good thing i love my man so much, but only doing 40mph. Hey ho"
ham,See the forwarding message for proof
ham,Hey!!! I almost forgot ... Happy B-day babe ! I love ya!!
ham,K.:)do it at evening da:)urgent:)
ham,I'm still pretty weak today .. Bad day ?
ham,Mm i had my food da from out
ham,Package all your programs well
ham,What type of stuff do you sing?
ham,Yes:)from last week itself i'm taking live call.
ham,Ok lor... Sony ericsson salesman... I ask shuhui then she say quite gd 2 use so i considering...
ham,Hi..i got the money da:)
ham,You sure your neighbors didnt pick it up
ham,Yes... I trust u to buy new stuff ASAP so I can try it out
ham,U WILL SWITCH YOUR FONE ON DAMMIT!!
spam,A å£400 XMAS REWARD IS WAITING FOR YOU! Our computer has randomly picked you from our loyal mobile customers to receive a å£400 reward. Just call 09066380611
ham,See you there! 
ham,Are you available for soiree on June 3rd?
ham,That was random saw my old roomate on campus. He graduated
ham,Don know..wait i will check it.
ham,What do u want when i come back?.a beautiful necklace as a token of my heart for you.thats what i will give but ONLY to MY WIFE OF MY LIKING.BE THAT AND SEE..NO ONE can give you that.dont call me.i will wait till i come.
ham,Shall i come to get pickle
spam,Urgent! Please call 09061213237 from a landline. å£5000 cash or a 4* holiday await collection. T &Cs SAE PO Box 177 M227XY. 16+
spam,Congratulations ur awarded either å£500 of CD gift vouchers & Free entry 2 our å£100 weekly draw txt MUSIC to 87066 TnCs www.Ldew.com 1 win150ppmx3age16
ham,How much it will cost approx . Per month.
ham,Yeh. Indians was nice. Tho it did kane me off a bit he he. We shud go out 4 a drink sometime soon. Mite hav 2 go 2 da works 4 a laugh soon. Love Pete x x
ham,So i asked how's anthony. Dad. And your bf
ham,"Sweetheart, hope you are not having that kind of day! Have one with loads of reasons to smile. Biola"
spam,FreeMsg>FAV XMAS TONES!Reply REAL
ham,But i dint slept in afternoon.
ham,"Yeah, give me a call if you've got a minute"
ham,Hmmm.still we dont have opener?
ham,"If we hit it off, you can move in with me :)"
ham,I'm at work. Please call
ham,"K.. I yan jiu liao... Sat we can go 4 bugis vill one frm 10 to 3 den hop to parco 4 nb. Sun can go cine frm 1030 to 2, den hop to orc mrt 4 hip hop at 4..."
ham,"Good afternoon, my boytoy ... How are you feeling today ? Better I hope? Are you being my good boy? Are you my obedient, slave? Do you please your Queen?"
ham,Go fool dont cheat others ok
ham,"7 wonders in My WORLD 7th You 6th Ur style 5th Ur smile 4th Ur Personality 3rd Ur Nature 2nd Ur SMS and 1st \Ur Lovely Friendship\""... good morning dear"""
ham,Designation is software developer and may be she get chennai:)
ham,The 2 oz guy is being kinda flaky but one friend is interested in picking up $ &lt;#&gt;  worth tonight if possible
ham,No i am not having not any movies in my laptop
ham,Lol ok. I'll snatch her purse too.
ham,"I can. But it will tell quite long, cos i haven't finish my film yet..."
spam,Urgent! Please call 09061743810 from landline. Your ABTA complimentary 4* Tenerife Holiday or #5000 cash await collection SAE T&Cs Box 326 CW25WX 150 ppm
ham,I am in tirupur.  call you da.
ham,"Perhaps * is much easy give your account identification, so i will tomorrow at UNI"
ham,Have you not finished work yet or something?
ham,"Fighting with the world is easy, u either win or lose bt fightng with some1 who is close to u is dificult if u lose - u lose if u win - u still lose."
ham,LOL that would be awesome payback.
ham,Cab is available.they pick up and drop at door steps.
ham,"Mon okie lor... Haha, best is cheap n gd food la, ex oso okie... Depends on whether wana eat western or chinese food... Den which u prefer... "
ham,"Sorry, I'll call later"
ham,Yeah but which is worse for i
ham,"Aight will do, thanks again for comin out"
ham,Oh my God. I'm almost home
ham,Delhi and chennai still silent.
ham,I'm wif him now buying tix lar...
ham,It's ok i wun b angry. Msg u aft i come home tonight.
ham,How will I creep on you now? ;_;
ham,Wen did you get so spiritual and deep. That's great
ham,One of best dialogue in cute reltnship..!! \Wen i Die
ham,"Alright we'll bring it to you, see you in like  &lt;#&gt;  mins"
ham,Hello beautiful r u ok? I've kinda ad a row wiv and he walked out the pub?? I wanted a night wiv u Miss u 
spam,Urgent Please call 09066612661 from landline. å£5000 cash or a luxury 4* Canary Islands Holiday await collection. T&Cs SAE award. 20M12AQ. 150ppm. 16+ ÛÏ
ham,K.k:)advance happy pongal.
ham,Ladies first and genus second k .
ham,Hope you are feeling great. Pls fill me in. Abiola
spam,SplashMobile: Choose from 1000s of gr8 tones each wk! This is a subscrition service with weekly tones costing 300p. U have one credit - kick back and ENJOY
ham,U reach orchard already? U wan 2 go buy tickets first?
spam,Someone U know has asked our dating service 2 contact you! Cant Guess who? CALL 09058091854 NOW all will be revealed. PO BOX385 M6 6WU
ham,Was actually about to send you a reminder today. Have a wonderful weekend
ham,You do got a shitload of diamonds though
ham,I'm working technical support :)voice process.
ham,Did you see that film:)
ham,Aah bless! How's your arm?
ham,Well boy am I glad G wasted all night at applebees for nothing
ham,K..k..any special today?
ham,It just seems like weird timing that the night that all you and g want is for me to come smoke is the same day as when a shitstorm is attributed to me always coming over and making everyone smoke
ham,No i'm not gonna be able to. || too late notice. || i'll be home in a few weeks anyway. || what are the plans
ham,Did you stitch his trouser
ham,Takin a shower now but yeah I'll leave when I'm done
ham,"Camera quite good, 10.1mega pixels, 3optical and 5digital dooms. Have a lovely holiday, be safe and i hope you hav a good journey! Happy new year to you both! See you in a couple of weeks! "
ham,"swhrt how u dey,hope ur ok, tot about u 2day.love n miss.take care."
ham,Going on nothing great.bye
ham,When should I come over?
ham,What is your record for one night? :)
ham,Nt joking seriously i told
ham,Today is ACCEPT DAY..U Accept me as? Brother Sister Lover Dear1 Best1 Clos1 Lvblefrnd Jstfrnd Cutefrnd Lifpartnr Belovd Swtheart Bstfrnd No rply means enemy
ham,I am waiting machan. Call me once you free.
ham,"\HEY DAS COOL... IKNOW ALL 2 WELLDA PERIL OF STUDENTFINANCIAL CRISIS!SPK 2 U L8R.\"""""
spam,Ur cash-balance is currently 500 pounds - to maximize ur cash-in now send GO to 86688 only 150p/msg. CC 08718720201 HG/Suite342/2Lands Row/W1J6HL
ham,"It's cool, let me know before it kicks off around  &lt;#&gt; , I'll be out and about all day"
ham,"OH YEAH,AND HAV A GREAT TIME IN NEWQUAY-SEND ME A POSTCARD !1 LOOK AFTER ALL THE GIRLS WHILE IM GONE(U KNOW THE 1IM TALKIN BOUT!)xx"
ham,Can't take any major roles in community outreach. You rock mel
ham,"not that I know of, most people up here are still out of town"
ham,Ok can...
spam,Your 2004 account for 07XXXXXXXXX shows 786 unredeemed points. To claim call 08719181259 Identifier code: XXXXX Expires 26.03.05
ham,Thanks for your message. I really appreciate your sacrifice. I'm not sure of the process of direct pay but will find out on my way back from the test tomorrow. I'm in class now. Do have a wonderful day.
spam,"Hi there, 2nights ur lucky night! Uve been invited 2 XCHAT, the Uks wildest chat! Txt CHAT to 86688 now! 150p/MsgrcvdHG/Suite342/2Lands/Row/W1J6HL LDN 18yrs"
ham,Nope wif my sis lor... Aft bathing my dog then i can bathe... Looks like it's going 2 rain soon.
ham,I like you peoples very much:) but am very shy pa.
ham,K ill drink.pa then what doing. I need srs model pls send it to my mail id pa.
ham,I.ll get there tomorrow and send it to you
ham,"\Life is nothing wen v get everything\"". But \""life is everything wen v miss something \"". Real value of people wil be realized only in their absence.... gud mrng"""
ham,Not able to do anything.
ham,Sad story of a Man - Last week was my b'day. My Wife did'nt wish me. My Parents forgot n so did my Kids . I went to work. Even my Colleagues did not wish.
ham,Neshanth..tel me who r u?
spam,Not heard from U4 a while. Call 4 rude chat private line 01223585334 to cum. Wan 2C pics of me gettin shagged then text PIX to 8552. 2End send STOP 8552 SAM xxx
ham,"TODAY is Sorry day.! If ever i was angry with you, if ever i misbehaved or hurt you? plz plz JUST SLAP URSELF Bcoz, Its ur fault, I'm basically GOOD"
ham,"Fair enough, anything going on?"
ham,I surely dont forgot to come:)i will always be in touch in with you:-)
ham,Alex says he's not ok with you not being ok with it
ham,Hmmm.but you should give it on one day..
ham,Dear :-/ why you mood off. I cant drive so i brother to drive
ham,Okay... We wait ah
spam,+123 Congratulations - in this week's competition draw u have won the å£1450 prize to claim just call 09050002311 b4280703. T&Cs/stop SMS 08718727868. Over 18 only 150ppm
ham,Purity of friendship between two is not about smiling after reading the forwarded message..Its about smiling just by seeing the name. Gud evng
ham,is your hamster dead? Hey so tmr i meet you at 1pm orchard mrt? 
ham,"I'm gonna be home soon and i don't want to talk about this stuff anymore tonight, k? I've cried enough today."
ham,"Yeah, probably here for a while"
ham,"Omw back to tampa from west palm, you hear what happened?"
spam,You have an important customer service announcement from PREMIER. Call FREEPHONE 0800 542 0578 now!
spam,We tried to contact you re our offer of New Video Phone 750 anytime any network mins HALF PRICE Rental camcorder call 08000930705 or reply for delivery Wed
ham,"Aight text me when you're back at mu and I'll swing by, need somebody to get the door for me"
ham,Yunny... I'm goin to be late
ham,"I'm tired of arguing with you about this week after week. Do what you want and from now on, i'll do the same."
ham,I dunno lei... Like dun haf...
ham,Hey you still want to go for yogasana? Coz if we end at cine then can go bathe and hav the steam bath
ham,"Sorry, was in the bathroom, sup"
ham,Ok then i come n pick u at engin?
ham,No it's waiting in e car dat's bored wat. Cos wait outside got nothing 2 do. At home can do my stuff or watch tv wat.
ham,"Im sorry bout last nite it wasnåÕt ur fault it was me, spouse it was pmt or sumthin! U 4give me? I think u shldxxxx"
ham,You said to me before i went back to bed that you can't sleep for anything.
ham,By monday next week. Give me the full gist
ham,After the drug she will be able to eat.
spam,"Had your mobile 10 mths? Update to the latest Camera/Video phones for FREE. KEEP UR SAME NUMBER, Get extra free mins/texts. Text YES for a call"
ham,My trip was ok but quite tiring lor. Uni starts today but it's ok 4 me cos i'm not taking any modules but jus concentrating on my final yr project.
ham,"I'm nt goin, got somethin on, unless they meetin 4 dinner lor... Haha, i wonder who will go tis time..."
ham,Was doing my test earlier. I appreciate you. Will call you tomorrow.
ham,Oh ok wait 4 me there... My lect havent finish
ham,I'll pick you up at about 5.15pm to go to taunton if you still want to come.
ham,What's your room number again? Wanna make sure I'm knocking on the right door
ham,Stupid auto correct on my phone
spam,For sale - arsenal dartboard. Good condition but no doubles or trebles!
ham,Just nw i came to hme da..
ham,I think u have the wrong number.
spam,Double Mins & Double Txt & 1/2 price Linerental on Latest Orange Bluetooth mobiles. Call MobileUpd8 for the very latest offers. 08000839402 or call2optout/LF56
ham,Oh ic. I thought you meant mary jane.
spam,"\For the most sparkling shopping breaks from 45 per person; call 0121 2025050 or visit www.shortbreaks.org.uk\"""""
spam,GENT! We are trying to contact you. Last weekends draw shows that you won a å£1000 prize GUARANTEED. Call 09064012160. Claim Code K52. Valid 12hrs only. 150ppm
ham,Waiting in e car 4 my mum lor. U leh? Reach home already?
ham,Then why no one talking to me
ham,I'll reach in ard 20 mins ok...
ham,Oooh I got plenty of those!
ham,Even i cant close my eyes you are in me our vava playing umma :-D
ham,"Waqt se pehle or naseeb se zyada kisi ko kuch nahi milta,Zindgi wo nahi he jo hum sochte hai Zindgi wo hai jo ham jeetey hai.........."
ham,I love to give massages. I use lots of baby oil... What is your fave position?
ham,Here got lots of hair dresser fr china.
ham,"I think IÛ÷m waiting for the same bus! Inform me when you get there, if you ever get there."
ham,Can you do online transaction?
ham,* You gonna ring this weekend or wot?
ham,What pa tell me.. I went to bath:-)
ham,Company is very good.environment is terrific and food is really nice:)
ham,Can u look 4 me in da lib i got stuff havent finish yet.
ham,"As usual..iam fine, happy &amp; doing well..:)"
ham,", how's things? Just a quick question."
ham,"You know, wot people wear. T shirts, jumpers, hat, belt, is all we know. We r at Cribbs"
ham,"Oh, then your phone phoned me but it disconnected"
spam,Ur TONEXS subscription has been renewed and you have been charged å£4.50. You can choose 10 more polys this month. www.clubzed.co.uk *BILLING MSG*
ham,"What i mean was i left too early to check, cos i'm working a 9-6."
ham,I'm in class. Will holla later
ham,Oh you got many responsibilities.
ham,"I do know what u mean,  is the king of not havin credit! I'm goin2bed now. Night night sweet! Only1more sleep! "
ham,K.k.this month kotees birthday know?
spam,08714712388 between 10am-7pm Cost 10p
ham,"Under the sea, there lays a rock. In the rock, there is an envelope. In the envelope, there is a paper. On the paper, there are 3 words... '"
ham,You will be in the place of that man
ham,No message..no responce..what happend?
ham,Ball is moving a lot.will spin in last :)so very difficult to bat:)
ham,You call times job today ok umma and ask them to speed up
ham,I want snow. It's just freezing and windy.
ham,If he started searching he will get job in few days.he have great potential and talent.
spam,goldviking (29/M) is inviting you to be his friend. Reply YES-762 or NO-762 See him: www.SMS.ac/u/goldviking STOP? Send STOP FRND to 62468
ham,Hi neva worry bout da truth coz the truth will lead me 2 ur heart. ItåÕs the least a unique person like u deserve. Sleep tight or morning
ham,K k pa Had your lunch aha.
spam,"Thanks for your ringtone order, reference number X49. Your mobile will be charged 4.50. Should your tone not arrive please call customer services 09065989182. From: [colour=red]text[/colour]TXTstar"
ham,Hi its Kate how is your evening? I hope i can see you tomorrow for a bit but i have to bloody babyjontet! Txt back if u can. :) xxx
ham,His frens go then he in lor. Not alone wif my mum n sis lor.
ham,K:)k.are you in college?
ham,What about this one then.
ham,Or maybe my fat fingers just press all these buttons and it doesn't know what to do.
spam,Dont forget you can place as many FREE Requests with 1stchoice.co.uk as you wish. For more Information call 08707808226.
ham,"Yeah probably, I still gotta check out with leo"
ham,Pls speak with me. I wont ask anything other then you friendship.
ham,Just curious because my cuz asked what I was up to
ham,Kallis wont bat in 2nd innings.
ham,There are many company. Tell me the language.
ham,ÌÏ dun wan to watch infernal affair?
ham,No current and food here. I am alone also
ham,"K I'll head out in a few mins, see you there"
ham,Desires- u going to doctor 4 liver. And get a bit stylish. Get ur hair managed. Thats it.
ham,"Good morning, im suffering from fever and dysentry ..will not be able to come to office today."
ham,Yar lor... How u noe? U used dat route too?
ham,I want to be inside you every night...
ham,"And that is the problem. You walk around in \julianaland\"" oblivious to what is going on around you. I say the same things constantly and they go in one ear and out the other while you go off doing whatever you want to do. It's not that you don't know why I'm upset--it's that you don't listen when i tell you WHAT is going to upset me. Then you want to be surprised when I'm mad."""
ham,Ok i am on the way to railway
spam,"SPJanuary Male Sale! Hot Gay chat now cheaper, call 08709222922. National rate from 1.5p/min cheap to 7.8p/min peak! To stop texts call 08712460324 (10p/min)"
ham,Customer place i will call you
spam,Do you want a new Video handset? 750 any time any network mins? UNLIMITED TEXT? Camcorder? Reply or Call now 08000930705 for del Sat AM
ham,Yunny i'm walking in citylink now Ì_ faster come down... Me very hungry...
spam,"Congrats! 2 mobile 3G Videophones R yours. call 09063458130 now! videochat wid your mates, play java games, Dload polyPH music, noline rentl."
ham,Goin to workout lor... Muz lose e fats... 
ham,LOL ... No just was busy
ham,Y so late but i need to go n get da laptop...
ham,Ay wana meet on sat?Ì_ wkg on sat?
ham,"Mum, i've sent you many many messages since i got here. I just want to know that you are actually getting them. Do enjoy the rest of your day."
ham,Becoz its  &lt;#&gt;  jan whn al the post ofice is in holiday so she cn go fr the post ofice...got it duffer
ham,Are you in castor? You need to see something
ham,Ok ok take care. I can understand.
ham,"New Theory: Argument wins d SITUATION, but loses the PERSON. So dont argue with ur friends just.. . . . kick them &amp; say, I'm always correct.!"
ham,I think steyn surely get one wicket:)
ham,Don know:)this week i'm going to tirunelvai da.
ham,Smith waste da.i wanna gayle.
ham,do u think that any girl will propose u today by seing ur bloody funky shit fucking face...............asssssholeeee................
ham,"Dont pack what you can buy at any store.like cereals. If you must pack food, pack gari or something 9ja that you will miss."
ham,Or Ì_ go buy wif him then i meet Ì_ later can?
ham,"Hello, my boytoy! I made it home and my constant thought is of you, my love. I hope your having a nice visit but I can't wait till you come home to me ...*kiss*"
ham,"If you want to mapquest it or something look up \usf dogwood drive\"""
ham,Yup song bro. No creative. Neva test quality. He said check review online.
ham,Please sen :)my kind advice :-)please come here and try:-)
spam,Free 1st week entry 2 TEXTPOD 4 a chance 2 win 40GB iPod or å£250 cash every wk. Txt VPOD to 81303 Ts&Cs www.textpod.net custcare 08712405020.
ham,I calls you later. Afternoon onwords mtnl service get problem in south mumbai. I can hear you but you cann't listen me.
ham,All e best 4 ur driving tmr :-)
ham,Hey cutie. How goes it? Here in WALES its kinda ok. There is like hills and shit but i still avent killed myself. 
ham,Oh. U must have taken your REAL Valentine out shopping first.
ham,"Yeah, probably but not sure. Ilol let u know, but personally I wuldnt bother, then again if ur goin to then I mite as well!!"
spam,Ever thought about living a good life with a perfect partner? Just txt back NAME and AGE to join the mobile community. (100p/SMS)
ham,Be happy there. I will come after noon
ham,Yes:)here tv is always available in work place..
ham,"Sorry, I'll call later"
ham,My sis is catching e show in e afternoon so i'm not watching w her. So c u wan 2 watch today or tmr lor.
ham,"My sister in law, hope you are having a great month. Just saying hey. Abiola"
spam,Hi its LUCY Hubby at meetins all day Fri & I will B alone at hotel U fancy cumin over? Pls leave msg 2day 09099726395 Lucy x Callså£1/minMobsmoreLKPOBOX177HP51FL
ham,"Oh! Shit, I thought that was your trip! Loooooool ... That just makes SO much more sense now ... *grins* and the sofa reference was ... The \sleep on a couch\"" link you sent me ... Wasn't that how you went on your trip ? Oh ... And didn't your babe go with you for that celebration with your rents?"""
ham,Please don't text me anymore. I have nothing else to say.
ham,I love ya too but try and budget your money better babe. Gary would freak on me if he knew
ham,Dont hesitate. You know this is the second time she has had weakness like that. So keep i notebook of what she eat and did the day before or if anything changed the day before so that we can be sure its nothing
ham,Do you work all this week ?
ham,Sorry i cant take your call right now. It so happens that there r 2waxsto do wat you want. She can come and ill get her medical insurance. And she'll be able to deliver and have basic care. I'm currently shopping for the right medical insurance for her. So just give me til friday morning. Thats when i.ll see the major person that can guide me to the right insurance.
ham,"\Happy valentines day\"" I know its early but i have hundreds of handsomes and beauties to wish. So i thought to finish off aunties and uncles 1st..."""
ham,Yup... From what i remb... I think should be can book... 
ham,But you dint in touch with me.
ham,"Japanese Proverb: If one Can do it, U too Can do it, If none Can do it,U must do it Indian version: If one Can do it, LET HIM DO it.. If none Can do it,LEAVE it!! And finally Kerala version: If one can do it, Stop him doing it.. If none can do it, Make a strike against it ..."
ham,Carlos says we can pick up from him later so yeah we're set
ham,An excellent thought by a misundrstud frnd: I knw u hate me bt the day wen u'll knw the truth u'll hate urself:-( Gn:-)
ham,Too late. I said i have the website. I didn't i have or dont have the slippers
ham,I dled 3d its very imp
ham,Tell me they're female :V how're you throwing in? We're deciding what all to get now
ham,Thanks for this hope you had a good day today
spam,Email AlertFrom: Jeri StewartSize: 2KBSubject: Low-cost prescripiton drvgsTo listen to email call 123
spam,"Dear Voucher Holder, To claim this weeks offer, at your PC please go to http://www.wtlp.co.uk/text. Ts&Cs apply."
ham,Thats cool! I am a gentleman and will treat you with dignity and respect.
ham,You didnt complete your gist oh.
spam,IMPORTANT MESSAGE. This is a final contact attempt. You have important messages waiting out our customer claims dept. Expires 13/4/04. Call 08717507382 NOW!
ham,"Wow ... I love you sooo much, you know ? I can barely stand it ! I wonder how your day goes and if you are well, my love ... I think of you and miss you"
ham,either way works for me. I am  &lt;#&gt;  years old. Hope that doesnt bother you.
ham,I'm not. She lip synced with shangela.
ham,DonÛ÷t give a flying monkeys wot they think and I certainly donÛ÷t mind. Any friend of mine and all that!
ham,Just seeing your missed call my dear brother. Do have a gr8 day.
ham,"Had the money issue weigh me down but thanks to you, I can breathe easier now. I.ll make sure you dont regret it. Thanks."
ham,"Hey, a guy I know is breathing down my neck to get him some bud, anyway you'd be able to get a half track to usf tonight?"
ham,Hows the champ just leaving glasgow!
ham,"Oh, the grand is having a bit of a party but it doesn't mention any cover charge so it's probably first come first served"
ham,Oh... Okie lor...We go on sat... 
ham,Are you still playing with gautham?
ham,IM GONNA MISS U SO MUCH
ham,If you are not coughing then its nothing
ham,In the end she might still vomit but its okay. Not everything will come out.
ham,Oh:)as usual vijay film or its different?
ham,O. Well uv causes mutations. Sunscreen is like essential thesedays
ham,"Evening * v good if somewhat event laden. Will fill you in, don't you worry Û_ Head * ok but throat * wrecked. See you at six then!"
ham,"St andre, virgil's cream"
ham,Oh Howda gud gud.. Mathe en samachara chikku:-)
ham,Good morning princess! How are you?
ham,Yup. Izzit still raining heavily cos i'm in e mrt i can't c outside.
spam,"WIN: We have a winner! Mr. T. Foley won an iPod! More exciting prizes soon, so keep an eye on ur mobile or visit www.win-82050.co.uk"
ham,"Wen ur lovable bcums angry wid u, dnt take it seriously.. Coz being angry is d most childish n true way of showing deep affection, care n luv!.. kettoda manda... Have nice day da."
ham,Are you happy baby ? Are you alright ? Did you take that job ? I hope your fine. I send you a kiss to make you smile from across the sea ... *kiss* *kiss*
ham,Same as u... Dun wan... Y u dun like me already ah... Wat u doing now? Still eating?
ham,"Yo my trip got postponed, you still stocked up?"
ham,No that just means you have a fat head
spam,"Welcome to UK-mobile-date this msg is FREE giving you free calling to 08719839835. Future mgs billed at 150p daily. To cancel send \go stop\"" to 89123"""
ham,"Just looked it up and addie goes back Monday, sucks to be her"
ham,"The sign of maturity is not when we start saying big things.. But actually it is, when we start understanding small things... *HAVE A NICE EVENING* BSLVYL"
ham,"Today is \song dedicated day..\"" Which song will u dedicate for me? Send this to all ur valuable frnds but first rply me..."""
ham,Cool. Do you like swimming? I have a pool and jacuzzi at my house.
ham,Good sleep is about rhythm. The person has to establish a rhythm that the body will learn and use. If you want to know more :-)
spam,"URGENT!: Your Mobile No. was awarded a å£2,000 Bonus Caller Prize on 02/09/03! This is our 2nd attempt to contact YOU! Call 0871-872-9755 BOX95QU"
ham,Can not use foreign stamps in this country.
ham,on a Tuesday night r u 4 real
ham,I cant pick the phone right now. Pls send a message
ham,How are you doing? Hope you've settled in for the new school year. Just wishin you a gr8 day
ham,Let there be snow. Let there be snow. This kind of weather brings ppl together so friendships can grow.
ham,Lol or I could just starve and lose a pound by the end of the day.
ham,"Nah, Wednesday. When should I bring the mini cheetos bag over?"
ham,"Yup, no need. I'll jus wait 4 e rain 2 stop."
ham,"Haha just kidding, papa needs drugs"
ham,Joy's father is John. Then John is the ____ of Joy's father. If u ans ths you hav  &lt;#&gt;  IQ. Tis s IAS question try to answer.
ham,Even u dont get in trouble while convincing..just tel him once or twice and just tel neglect his msgs dont c and read it..just dont reply
ham,Yo do you know anyone  &lt;#&gt;  or otherwise able to buy liquor? Our guy flaked and right now if we don't get a hold of somebody its just 4 loko all night
ham,Ok leave no need to ask
ham,"Yes..but they said its IT.,"
spam,"Urgent! call 09066350750 from your landline. Your complimentary 4* Ibiza Holiday or 10,000 cash await collection SAE T&Cs PO BOX 434 SK3 8WP 150 ppm 18+"
ham,But i have to. I like to have love and arrange.
ham,"Awesome, plan to get here any time after like  &lt;#&gt; , I'll text you details in a wee bit"
ham,"Almost there, see u in a sec"
ham,Of course ! Don't tease me ... You know I simply must see ! *grins* ... Do keep me posted my prey ... *loving smile* *devouring kiss*
ham,Every day i use to sleep after  &lt;#&gt;  so only.
ham,"K, wat s tht incident?"
ham,Then u go back urself lor...
ham,"Good afternoon sunshine! How dawns that day ? Are we refreshed and happy to be alive? Do we breathe in the air and smile ? I think of you, my love ... As always"
ham,"No, I decided that only people who care about stuff vote and caring about stuff is for losers"
ham,:-) :-)
ham,The message sent is askin for  &lt;#&gt; dollars. Shoul i pay  &lt;#&gt;  or  &lt;#&gt; ?
ham,I love you. You set my soul on fire. It is not just a spark. But it is a flame. A big rawring flame. XoXo
ham,Call him and say you not coming today ok and tell them not to fool me like this ok
ham,Maybe you should find something else to do instead???
ham,Ok give me 5 minutes I think I see her. BTW you're my alibi. You were cutting my hair the whole time.
ham,Ffffffffff. Alright no way I can meet up with you sooner?
spam,Congratulations YOU'VE Won. You're a Winner in our August å£1000 Prize Draw. Call 09066660100 NOW. Prize Code 2309.
ham,So lets make it saturday or monday as per convenience.
spam,"Hi babe its Chloe, how r u? I was smashed on saturday night, it was great! How was your weekend? U been missing me? SP visionsms.com Text stop to stop 150p/text"
spam,Do you want a NEW video phone750 anytime any network mins 150 text for only five pounds per week call 08000776320 now or reply for delivery tomorrow
ham,What time should I tell my friend to be around?
ham,Am i that much dirty fellow?
ham,Teach me apps da. When you come to college.
ham,Yo theres no class tmrw right?
ham,Can come my room but cannot come my house cos my house still messy... Haha...
spam,Congrats! Nokia 3650 video camera phone is your Call 09066382422 Calls cost 150ppm Ave call 3mins vary from mobiles 16+ Close 300603 post BCM4284 Ldn WC1N3XX
ham,Great! I hope you like your man well endowed. I am  &lt;#&gt;  inches...
ham,Can help u swoop by picking u up from wherever ur other birds r meeting if u want.
ham,Leaving to qatar tonite in search of an opportunity.all went fast.pls add me in ur prayers dear.Rakhesh
ham,Some are lasting as much as 2 hours. You might get lucky.
ham,"Sorry sir, i will call you tomorrow.  senthil.hsbc"
ham,Watching tv now. I got new job :)
ham,Today am going to college so am not able to atten the class.
ham,We not watching movie already. Xy wants 2 shop so i'm shopping w her now.
ham,Your account has been refilled successfully by INR  &lt;DECIMAL&gt; . Your KeralaCircle prepaid account balance is Rs  &lt;DECIMAL&gt; . Your Transaction ID is KR &lt;#&gt; .
spam,U have a secret admirer who is looking 2 make contact with U-find out who they R*reveal who thinks UR so special-call on 09058094565
ham,Also where's the piece
ham,"Awesome question with a cute answer: Someone asked a boy \how is ur life?\"" . . He smiled &amp; answered: . . \""She is fine!\"" Gudnite"""
ham,"Pls send me a comprehensive mail about who i'm paying, when and how much."
ham,Id have to check but there's only like 1 bowls worth left
ham,I'm on my way home. Went to change batt 4 my watch then go shop a bit lor.
ham,I will treasure every moment we spend together...
ham,"Y cant u try new invention to fly..i'm not joking.,"
ham,Apart from the one i told you about yesterday?
ham,Remember to ask alex about his pizza
ham,Cos i was out shopping wif darren jus now n i called him 2 ask wat present he wan lor. Then he started guessing who i was wif n he finally guessed darren lor.
ham,S:-)if we have one good partnership going we will take lead:)
ham,"7 wonders in My WORLD 7th You 6th Ur style 5th Ur smile 4th Ur Personality 3rd Ur Nature 2nd Ur SMS and 1st \Ur Lovely Friendship\""... good morning dear"""
ham,Then u drive lor.
ham,"Erm... Woodland avenue somewhere. Do you get the parish magazine, his telephone number will be in there."
ham,"Yeah there's quite a bit left, I'll swing by tomorrow when I get up"
ham,What time is ur flight tmr?
ham,Have your lunch and come quickly and open the door:)
ham,Jesus armand really is trying to tell everybody he can find
ham,No. Yes please. Been swimming?
ham,Nah dub but je still buff
ham,Captain vijaykanth is doing comedy in captain tv..he is drunken :)
spam,PRIVATE! Your 2003 Account Statement for shows 800 un-redeemed S. I. M. points. Call 08715203694 Identifier Code: 40533 Expires 31/10/04
ham,Today my system sh get ready.all is well and i am also in the deep well
ham,Thought praps you meant another one. Goodo! I'll look tomorrow 
ham,"Come around  &lt;DECIMAL&gt; pm vikky..i'm otside nw, il come by tht time"
ham,"Great. I'm in church now, will holla when i get out"
ham,"They said if its gonna snow, it will start around 8 or 9 pm tonite! They are predicting an inch of accumulation."
spam,Congratulations U can claim 2 VIP row A Tickets 2 C Blu in concert in November or Blu gift guaranteed Call 09061104276 to claim TS&Cs www.smsco.net costå£3.75max 
ham,Quite lor. But dun tell him wait he get complacent...
ham,But i'm really really broke oh. No amount is too small even  &lt;#&gt; 
ham,"Ola would get back to you maybe not today but I ve told him you can be his direct link in the US in getting cars he bids for online, you arrange shipping and you get a cut. Or U????? For a partnership where U????? Invest money for shipping and he takes care of the rest!U??Wud b self reliant soon dnt worry"
ham,"life alle mone,eppolum oru pole allalo"
ham,K..k.:)congratulation ..
ham,Have you bookedthe hut? And also your time off? How are you by the way?
ham,Yay can't wait to party together!
ham,"For you information, IKEA is spelled with all caps. That is not yelling. when you thought i had left you, you were sitting on the bed among the mess when i came in. i said we were going after you got home from class. please don't try and bullshit me. It makes me want to listen to you less."
ham,"7 wonders in My WORLD 7th You 6th Ur style 5th Ur smile 4th Ur Personality 3rd Ur Nature 2nd Ur SMS and 1st \Ur Lovely Friendship\""... good morning dear"""
ham,"A gram usually runs like  &lt;#&gt; , a half eighth is smarter though and gets you almost a whole second gram for  &lt;#&gt;"
ham,We don call like  &lt;#&gt;  times oh. No give us hypertension oh.
ham,If anyone calls for a treadmill say you'll buy it. Make sure its working. I found an ad on Craigslist selling for $ &lt;#&gt; .
ham,Cos daddy arranging time c wat time fetch Ì_ mah...
ham,Just sleeping..and surfing
ham,"Arngd marriage is while u r walkin unfortuntly a snake bites u. bt love marriage is dancing in frnt of d snake &amp; sayin Bite me, bite me."
ham,Yeah I imagine he would be really gentle. Unlike the other docs who treat their patients like turkeys.
ham,I am late. I will be there at
ham,I called but no one pick up e phone. I ask both of them already they said ok.
spam,"URGENT, IMPORTANT INFORMATION FOR O2 USER. TODAY IS YOUR LUCKY DAY! 2 FIND OUT WHY LOG ONTO HTTP://WWW.URAWINNER.COM THERE IS A FANTASTIC SURPRISE AWAITING FOR YOU"
spam,"FreeMsg: Claim ur 250 SMS messages-Text OK to 84025 now!Use web2mobile 2 ur mates etc. Join Txt250.com for 1.50p/wk. T&C BOX139, LA32WU. 16 . Remove txtX or stop"
spam,I'd like to tell you my deepest darkest fantasies. Call me 09094646631 just 60p/min. To stop texts call 08712460324 (nat rate)
ham,Yup it's at paragon... I havent decided whether 2 cut yet... Hee...
ham,They said Ì_ dun haf passport or smth like dat.. Or Ì_ juz send to my email account..  
ham,Oh really?? Did you make it on air? What's your talent?
ham,Indeed and by the way it was either or - not both !
ham,"Open rebtel with firefox. When it loads just put plus sign in the user name place, and it will show you two numbers. The lower number is my number. Once you pick that number the pin will display okay!"
ham,watever reLation u built up in dis world only thing which remains atlast iz lonlines with lotz n lot memories! feeling..
ham,Hmm...Bad news...Hype park plaza $700 studio taken...Only left 2 bedrm-$900...
ham,"Turns out my friends are staying for the whole show and won't be back til ~ &lt;#&gt; , so feel free to go ahead and smoke that $ &lt;#&gt;  worth"
ham,"You aren't coming home between class, right? I need to work out and shower!"
ham,How was txting and driving
ham,That seems unnecessarily affectionate
ham,Congrats ! Treat pending.i am not on mail for 2 days.will mail once thru.Respect mother at home.check mails.
ham,Is there coming friday is leave for pongal?do you get any news from your work place.
ham,Hi! This is Roger from CL. How are you?
ham,That's y u haf 2 keep me busy...
ham,I am taking half day leave bec i am not well
ham,Your opinion about me? 1. Over 2. Jada 3. Kusruthi 4. Lovable 5. Silent 6. Spl character 7. Not matured 8. Stylish 9. Simple Pls reply..
ham,Left dessert. U wan me 2 go suntec look 4 u?
ham,"Sorry, I'll call later"
ham,"The gas station is like a block away from my house, you'll drive right by it since armenia ends at swann and you have to take howard"
ham,Sorry that was my uncle. I.ll keep in touch
ham,Are you free now?can i call now?
ham,* Will be september by then!
ham,Going for dinner.msg you after.
ham,"sorry brah, just finished the last of my exams, what up"
ham,"Best line said in Love: . \I will wait till the day I can forget u Or The day u realize that u cannot forget me.\""... Gn"""
spam,"We know someone who you know that fancies you. Call 09058097218 to find out who. POBox 6, LS15HB 150p"
ham,O i played smash bros  &lt;#&gt;  religiously.
ham,Am not working but am up to eyes in philosophy so will text u later when a bit more free for chat...
ham,"Gosh that , what a pain. Spose I better come then."
ham,What r u cooking me for dinner?
ham,I also thk too fast... Xy suggest one not me. U dun wan it's ok. Going 2 rain leh where got gd.
ham,Leave it. U will always be ignorant.
ham,Waaaat?? Lololo ok next time then!
ham,Oh k k:)but he is not a big hitter.anyway good
ham,Hi baby ive just got back from work and i was wanting to see u allday! I hope i didnt piss u off on the phone today. If u are up give me a call xxx
spam,Free 1st week entry 2 TEXTPOD 4 a chance 2 win 40GB iPod or å£250 cash every wk. Txt POD to 84128 Ts&Cs www.textpod.net custcare 08712405020.
ham,"Sweet, we may or may not go to 4U to meet carlos so gauge patty's interest in that"
ham,We have pizza if u want
ham,Thats cool. I want to please you...
ham,I wait 4 Ì_ inside da car park...
spam,You are awarded a SiPix Digital Camera! call 09061221061 from landline. Delivery within 28days. T Cs Box177. M221BP. 2yr warranty. 150ppm. 16 . p på£3.99
ham,"Sorry, I'll call later"
ham,How is your schedule next week? I am out of town this weekend.
ham,These won't do. Have to move on to morphine
ham,Er yep sure. Props?
ham,Is toshiba portege m100 gd?
ham,"Abeg, make profit. But its a start. Are you using it to get sponsors for the next event?"
ham,Yeah just open chat and click friend lists. Then make the list. Easy as pie
ham,You got called a tool?
ham,"FR'NDSHIP is like a needle of a clock. Though V r in d same clock, V r nt able 2 met. Evn if V meet,itz only 4few seconds. Bt V alwys stay conected. Gud 9t;-)"
ham,Same. Wana plan a trip sometme then
spam,Can U get 2 phone NOW? I wanna chat 2 set up meet Call me NOW on 09096102316 U can cum here 2moro Luv JANE xx Callså£1/minmoremobsEMSPOBox45PO139WA
spam,we tried to contact you re your response to our offer of a new nokia fone and camcorder hit reply or call 08000930705 for delivery
ham,Let's pool our money together and buy a bunch of lotto tickets. If we win I get &lt;#&gt; % u get &lt;#&gt; %. Deal?
ham,Dad went out oredi... 
ham,You flippin your shit yet?
ham,K.then any other special?
ham,"We know TAJ MAHAL as symbol of love. But the other lesser known facts 1. Mumtaz was Shahjahan's 4th wife, out of his 7 wifes. 2. Shahjahan killed Mumtaz's husband to marry her. 3. Mumtaz died in her  &lt;#&gt; th delivery. 4. He then married Mumtaz's sister. Question arises where the Hell is the LOVE?:-| -The Great Hari-"
ham,Hmmm:)how many players selected?
ham,My uncles in Atlanta. Wish you guys a great semester.
ham,Yar lor actually we quite fast... Cos da ge slow wat... Haha...
ham,Hello boytoy ! Geeee ... I'm missing you today. I like to send you a tm and remind you I'm thinking of you ... And you are loved ... *loving kiss*
ham,How are you doing. How's the queen. Are you going for the royal wedding
spam,"Urgent UR awarded a complimentary trip to EuroDisinc Trav, Aco&Entry41 Or å£1000. To claim txt DIS to 87121 18+6*å£1.50(moreFrmMob. ShrAcomOrSglSuplt)10, LS1 3AJ"
ham,Dear got bus directly to calicut
ham,How much you got for cleaning
ham,Ee msg na poortiyagi odalebeku: Hanumanji 7 name 1-Hanuman 2-Bajarangabali 3-Maruti 4-Pavanaputra 5-Sankatmochan 6-Ramaduth 7-Mahaveer ee 7 name  &lt;#&gt;  janarige ivatte kalisidare next saturday olage ondu good news keluviri...! Maretare inde 1 dodda problum nalli siguviri idu matra  &lt;#&gt; % true.. Don't neglet.
ham,Ok not a problem will get them a taxi. C ing  tomorrow and tuesday. On tuesday think we r all going to the cinema. 
ham,"I just got home babe, are you still awake ?"
ham,Ha... Then we must walk to everywhere... Cannot take tram. My cousin said can walk to vic market from our hotel 
ham,Even if he my friend he is a priest call him now
ham,"Carlos took a while (again), we leave in a minute"
spam,"u r subscribed 2 TEXTCOMP 250 wkly comp. 1st wk?s free question follows, subsequent wks charged@150p/msg.2 unsubscribe txt STOP 2 84128,custcare 08712405020"
ham,"Wishing you and your family Merry \X\"" mas and HAPPY NEW Year in advance.."""
ham,"Didn't try, g and I decided not to head out"
ham,"I am in tirupur da, once you started from office call me."
ham,Hi darlin im on helens fone im gonna b up the princes 2 nite please come up tb love Kate
ham,I can make lasagna for you... vodka...
ham,i want to grasp your pretty booty :)
spam,"Text82228>> Get more ringtones, logos and games from www.txt82228.com. Questions: info@txt82228.co.uk"
spam,Reply to win å£100 weekly! Where will the 2006 FIFA World Cup be held? Send STOP to 87239 to end service
ham,Hurt me... Tease me... Make me cry... But in the end of my life when i die plz keep one rose on my grave and say STUPID I MISS U.. HAVE A NICE DAY BSLVYL
ham,"Say this slowly.? GOD,I LOVE YOU &amp; I NEED YOU,CLEAN MY HEART WITH YOUR BLOOD.Send this to Ten special people &amp; u c miracle tomorrow, do it,pls,pls do it..."
ham,Meanwhile in the shit suite: xavier decided to give us  &lt;#&gt;  seconds of warning that samantha was coming over and is playing jay's guitar to impress her or some shit. Also I don't think doug realizes I don't live here anymore
ham,Why don't you go tell your friend you're not sure you want to live with him because he smokes too much then spend hours begging him to come smoke
ham,No plm i will come da. On the way.
ham,Are you sure you don't mean \get here
ham,And he's apparently bffs with carly quick now
ham,A little. Meds say take once every 8 hours. It's only been 5 but pain is back. So I took another. Hope I don't die
ham,Yeah like if it goes like it did with my friends imma flip my shit in like half an hour
ham,Hey tmr meet at bugis 930 ?
ham,Yup i thk so until e shop closes lor.
ham,Wake me up at  &lt;#&gt;  am morning:)
ham,Yes.mum lookin strong:)
ham,meet you in corporation st outside gap Û_ you can see how my mind is working!
ham,Yup i'm elaborating on the safety aspects and some other issues..
ham,Call me when u're done...
ham,Olol i printed out a forum post by a guy with the exact same  prob which was fixed with a gpu replacement. Hopefully they dont ignore that.
ham,My supervisor find 4 me one lor i thk his students. I havent ask her yet. Tell u aft i ask her.
spam,* FREE* POLYPHONIC RINGTONE Text SUPER to 87131 to get your FREE POLY TONE of the week now! 16 SN PoBox202 NR31 7ZS subscription 450pw
ham,How's it feel? Mr. Your not my real Valentine just my yo Valentine even tho u hardly play!!
ham,Should I be stalking u?
ham,Probably a couple hours tops
ham,I'm on the bus. Love you
ham,How are you. Just checking up on you
ham,You all ready for * big day tomorrow?
ham,I ask if u meeting da ge tmr nite...
ham,"Aight, call me once you're close"
ham,Then why you came to hostel.
ham,Me too baby! I promise to treat you well! I bet you will take good care of me...
spam,"3 FREE TAROT TEXTS! Find out about your love life now! TRY 3 FOR FREE! Text CHANCE to 85555 16 only! After 3 Free, Msgs å£1.50 each"
ham,"Alright, see you in a bit"
ham,"Some friends want me to drive em someplace, probably take a while"
spam,New TEXTBUDDY Chat 2 horny guys in ur area 4 just 25p Free 2 receive Search postcode or at gaytextbuddy.com. TXT ONE name to 89693. 08715500022 rpl Stop 2 cnl
ham,"We are hoping to get away by 7, from Langport. You still up for town tonight?"
ham,Hows the pain dear?y r u smiling?
spam,GENT! We are trying to contact you. Last weekends draw shows that you won a å£1000 prize GUARANTEED. Call 09064012160. Claim Code K52. Valid 12hrs only. 150ppm 
ham,Hi :)finally i completed the course:)
ham,I am sorry it hurt you.
spam,Someonone you know is trying to contact you via our dating service! To find out who it could be call from your mobile or landline 09064015307 BOX334SK38ch 
ham,Eat jap done oso aft ur lect wat... ÌÏ got lect at 12 rite... 
ham,Hey are you angry with me. Reply me dr.
ham,But if she.s drinkin i'm ok.
ham,"Customer place, i wil cal u sir."
ham,It should take about  &lt;#&gt;  min
spam,FreeMsg: Txt: CALL to No: 86888 & claim your reward of 3 hours talk time to use from your phone now! Subscribe6GBP/mnth inc 3hrs 16 stop?txtStop
ham,I like to talk pa but am not able to. I dont know y.
ham,Ok. Not sure what time tho as not sure if can get to library before class. Will try. See you at some point! Have good eve.
spam,Please call our customer service representative on 0800 169 6031 between 10am-9pm as you have WON a guaranteed å£1000 cash or å£5000 prize!
ham,"Nothing much, chillin at home. Any super bowl plan?"
ham,Much better now thanks lol
ham,Ok lor. Msg me b4 u call.
ham,Don know. I did't msg him recently.
ham,Gam gone after outstanding innings.
ham,Dear how is chechi. Did you talk to her
ham,Am only searching for good dual sim mobile pa.
ham,I just made some payments so dont have that much. Sorry. Would you want it fedex or the other way.
spam,Had your mobile 11 months or more? U R entitled to Update to the latest colour mobiles with camera for Free! Call The Mobile Update Co FREE on 08002986030
ham,Wait . I will msg after  &lt;#&gt;  min.
ham,So how's the weather over there?
spam,"Had your contract mobile 11 Mnths? Latest Motorola, Nokia etc. all FREE! Double Mins & Text on Orange tariffs. TEXT YES for callback, no to remove from records"
ham,I meant middle left or right?
ham,Jus finish my lunch on my way home lor... I tot u dun wan 2 stay in sch today...
ham,Its going good...no problem..but still need little experience to understand american customer voice...
ham,"Sir, I have been late in paying rent for the past few months and had to pay a $ &lt;#&gt;  charge. I felt it would be inconsiderate of me to nag about something you give at great cost to yourself and that's why i didnt speak up. I however am in a recession and wont be able to pay the charge this month hence my askin well ahead of month's end. Can you please help. Thanks"
ham,"No, its true..k,Do u knw dis no. &lt;#&gt; ?"
ham,Give me a sec to think think about it
ham,Pls i wont belive god.not only jesus.
ham,You are a great role model. You are giving so much and i really wish each day for a miracle but God as a reason for everything and i must say i wish i knew why but i dont. I've looked up to you since i was young and i still do. Have a great day.
ham,Mm so you asked me not to call radio
ham, &lt;DECIMAL&gt; m but its not a common car here so its better to buy from china or asia. Or if i find it less expensive. I.ll holla
ham,Will be out of class in a few hours. Sorry
spam,"Romantic Paris. 2 nights, 2 flights from å£79 Book now 4 next year. Call 08704439680Ts&Cs apply."
ham,U ned to convince him tht its not possible witot hurting his feeling its the main
ham,You call him now ok i said call him
ham,Thanks for ve lovely wisheds. You rock
ham,Your gonna have to pick up a $1 burger for yourself on your way home. I can't even move. Pain is killing me.
ham,HI DARLIN ITS KATE ARE U UP FOR DOIN SOMETHIN TONIGHT? IM GOING TO A PUB CALLED THE SWAN OR SOMETHING WITH MY PARENTS FOR ONE DRINK SO PHONE ME IF U CAN
ham,That's significant but dont worry.
ham,Can Ì_ all decide faster cos my sis going home liao..
ham,* Thought I didn't see you.
ham,"It wont b until 2.15 as trying 2 sort house out, is that ok?"
ham,"Dont search love, let love find U. Thats why its called falling in love, bcoz U dont force yourself, U just fall and U know there is smeone to hold U... BSLVYL"
ham,"Hey babe, my friend had to cancel, still up for a visit ?"
ham,You will go to walmart. I.ll stay.
ham,Ok lor... But buy wat?
spam,YES! The only place in town to meet exciting adult singles is now in the UK. Txt CHAT to 86688 now! 150p/Msg.
ham,That's cause your old. I live to be high.
ham,Ya srsly better than yi tho
ham,"Sorry da thangam, very very sorry i am held up with prasad."
ham,The bus leaves at  &lt;#&gt; 
ham,Send to someone else :-)
spam,Customer service annoncement. You have a New Years delivery waiting for you. Please call 07046744435 now to arrange delivery
ham,"\Im on gloucesterroad what are uup to later?\"""""
spam,"YOUR CHANCE TO BE ON A REALITY FANTASY SHOW call now = 08707509020 Just 20p per min NTT Ltd, PO Box 1327 Croydon CR9 5WB 0870 is a national = rate call."
spam,Great NEW Offer - DOUBLE Mins & DOUBLE Txt on best Orange tariffs AND get latest camera phones 4 FREE! Call MobileUpd8 free on 08000839402 NOW! or 2stoptxt T&Cs
ham,Msgs r not time pass.They silently say that I am thinking of U right now and also making U think of me at least 4 a moment. Gd nt.swt drms @Shesil
ham,Ugh its been a long day. I'm exhausted. Just want to cuddle up and take a nap
ham,Boooo you always work. Just quit.
ham,"This is one of the days you have a billion classes, right?"
spam,Married local women looking for discreet action now! 5 real matches instantly to your phone. Text MATCH to 69969 Msg cost 150p 2 stop txt stop BCMSFWC1N3XX
ham,"Cool breeze... Bright sun... Fresh flower... Twittering birds... All these waiting to wish u: \GOODMORNING &amp; HAVE A NICE DAY\"" :)"""
ham,I don't know but I'm raping dudes at poker
ham,Ok both our days. So what are you making for dinner tonite? Am I invited?
ham,Aight do you still want to get money
spam,"U can WIN å£100 of Music Gift Vouchers every week starting NOW Txt the word DRAW to 87066 TsCs www.Idew.com SkillGame, 1Winaweek, age16. 150ppermessSubscription"
ham,Two fundamentals of cool life: \Walk
ham,"OH RITE. WELL IM WITH MY BEST MATE PETE, WHO I WENT OUT WITH 4 A WEEK+ NOW WERE 2GEVA AGAIN. ITS BEEN LONGER THAN A WEEK."
ham,She.s find. I sent you an offline message to know how anjola's now.
ham,they released another Italian one today and it has a cosign option
ham,"\Speak only when you feel your words are better than the silence...\"" Gud mrng:-)"""
ham,"A Boy loved a gal. He propsd bt she didnt mind. He gv lv lttrs, Bt her frnds threw thm. Again d boy decided 2 aproach d gal , dt time a truck was speeding towards d gal. Wn it was about 2 hit d girl,d boy ran like hell n saved her. She asked 'hw cn u run so fast?' D boy replied \Boost is d secret of my energy\"" n instantly d girl shouted \""our energy\"" n Thy lived happily 2gthr drinking boost evrydy Moral of d story:- I hv free msgs:D;): gud ni8"""
ham,Ok
ham,Ok lar i double check wif da hair dresser already he said wun cut v short. He said will cut until i look nice.
ham,"Ya ok, vikky vl c witin  &lt;#&gt; mins and il reply u.."
ham,I was about to do it when i texted. I finished a long time ago and showered and er'ything!
ham,"Solve d Case : A Man Was Found Murdered On  &lt;DECIMAL&gt; . &lt;#&gt;  AfterNoon. 1,His wife called Police. 2,Police questioned everyone. 3,Wife: Sir,I was sleeping, when the murder took place. 4.Cook: I was cooking. 5.Gardener: I was picking vegetables. 6.House-Maid: I went 2 d post office. 7.Children: We went 2 play. 8.Neighbour: We went 2 a marriage. Police arrested d murderer Immediately. Who's It? Reply With Reason, If U r Brilliant."
ham,U still painting ur wall?
ham,I dunno until when... Lets go learn pilates...
ham,IÛ÷ll have a look at the frying pan in case itÛ÷s cheap or a book perhaps. No thatÛ÷s silly a frying pan isnÛ÷t likely to be a book
ham,"Aiyo... Her lesson so early... I'm still sleepin, haha... Okie, u go home liao den confirm w me lor..."
ham,"Sorry, I'll call later"
ham,Dont talk to him ever ok its my word.
ham,"Me also da, i feel yesterday night  wait til 2day night dear."
ham,Kay... Since we are out already 
spam,"Wan2 win a Meet+Greet with Westlife 4 U or a m8? They are currently on what tour? 1)Unbreakable, 2)Untamed, 3)Unkempt. Text 1,2 or 3 to 83049. Cost 50p +std text"
ham,I tot u outside cos darren say u come shopping. Of course we nice wat. We jus went sim lim look at mp3 player.
spam,PRIVATE! Your 2003 Account Statement for 07973788240 shows 800 un-redeemed S. I. M. points. Call 08715203649 Identifier Code: 40533 Expires 31/10/04
ham,Dont pick up d call when something important is There to tell. Hrishi
spam,Jamster! To get your free wallpaper text HEART to 88888 now! T&C apply. 16 only. Need Help? Call 08701213186.
ham,What happen to her tell the truth
ham,Hi mom we might be back later than  &lt;#&gt; 
ham,Are you going to write ccna exam this week??
ham,Boo I'm on my way to my moms. She's making tortilla soup. Yummmm
ham,Havent shopping now lor i juz arrive only
ham,"Sorry,in meeting I'll call later"
ham,Ok no problem... Yup i'm going to sch at 4 if i rem correctly...
ham,"Sure thing big man. i have hockey elections at 6, shouldnÛ÷t go on longer than an hour though"
spam,2/2 146tf150p
ham,From 5 to 2 only my work timing.
ham,Were gonna go get some tacos
ham,Can do lor...
spam,"Want to funk up ur fone with a weekly new tone reply TONES2U 2 this text. www.ringtones.co.uk, the original n best. Tones 3GBP network operator rates apply"
ham,"Night has ended for another day, morning has come in a special way. May you smile like the sunny rays and leaves your worries at the blue blue bay."
ham,No messages on her phone. I'm holding it now
ham,Great. P diddy is my neighbor and comes for toothpaste every morning
ham,Yes :)it completely in out of form:)clark also utter waste.
ham,"House-Maid is the murderer, coz the man was murdered on  &lt;#&gt; th January.. As public holiday all govt.instituitions are closed,including post office..understand?"
ham,Noice. Text me when you're here
ham,Same as kallis dismissial in 2nd test:-).
ham,K actually can you guys meet me at the sunoco on howard? It should be right on the way
ham,Doesn't g have class early tomorrow and thus shouldn't be trying to smoke at  &lt;#&gt;
ham,I cant pick the phone right now. Pls send a message
spam,Please CALL 08712402578 immediately as there is an urgent message waiting for you
spam,Dear U've been invited to XCHAT. This is our final attempt to contact u! Txt CHAT to 86688
ham,I got it before the new year cos yetunde said she wanted to surprise you with it but when i didnt see money i returned it mid january before the  &lt;#&gt; day return period ended.
spam,"Orange customer, you may now claim your FREE CAMERA PHONE upgrade for your loyalty. Call now on 0207 153 9996. Offer ends 14thMarch. T&C's apply. Opt-out availa"
ham,Please tell me not all of my car keys are in your purse
ham,Message:some text missing* Sender:Name Missing* *Number Missing *Sent:Date missing *Missing U a lot thats y everything is missing sent via fullonsms.com
ham,Sorry * was at the grocers.
ham,Meet after lunch la...
ham,"Just so that you know,yetunde hasn't sent money yet. I just sent her a text not to bother sending. So its over, you dont have to involve yourself in anything. I shouldn't have imposed anything on you in the first place so for that, i apologise."
ham,K I'll call you when I'm close
ham,Also andros ice etc etc
ham,I not free today i haf 2 pick my parents up tonite...
ham,U really pig leh sleep so much. My dad wake me up at 10 smth 2 eat lunch today.
ham,THANX4 TODAY CER IT WAS NICE 2 CATCH UP BUT WE AVE 2 FIND MORE TIME MORE OFTEN OH WELL TAKE CARE C U SOON.C
ham,But am going to college pa. What to do. are else ill come there it self. Pa.
ham,Please leave this topic..sorry for telling that..
ham,Oh great. I.ll disturb him more so that we can talk.
ham,I don't know jack shit about anything or i'd say/ask something helpful but if you want you can pretend that I did and just text me whatever in response to the hypotheticalhuagauahahuagahyuhagga
ham,Think you sent the text to the home phone. That cant display texts. If you still want to send it his number is
ham,I need to come home and give you some good lovin...
spam,You have 1 new message. Please call 08715205273
ham,Aiyo cos i sms Ì_ then Ì_ neva reply so i wait 4 Ì_ to reply lar. I tot Ì_ havent finish ur lab wat.
ham,Howz that persons story
ham,Oh k. . I will come tomorrow
ham,Ok i will tell her to stay out. Yeah its been tough but we are optimistic things will improve this month.
ham,ZOE IT JUST HIT ME 2 IM FUCKING SHITIN MYSELF IL DEFO TRY MY HARDEST 2 CUM 2MOROW LUV U MILLIONS LEKDOG
ham,Honey boo I'm missing u.
ham,Finished class where are you.
ham,Is fujitsu s series lifebook good?
ham,"Sorry battery died, yeah I'm here"
ham,"Sad story of a Man - Last week was my b'day. My Wife did'nt wish me. My Parents forgot n so did my Kids . I went to work. Even my Colleagues did not wish. As I entered my cabin my PA said, '' Happy B'day Boss !!''. I felt special. She askd me 4 lunch. After lunch she invited me to her apartment. We went there. She said,'' do u mind if I go into the bedroom for a minute ? '' ''OK'', I sed in a sexy mood. She came out 5 minuts latr wid a cake...n My Wife, My Parents, My Kidz, My Friends n My Colleagues. All screaming.. SURPRISE !! and I was waiting on the sofa.. ... ..... ' NAKED...!"
ham,I will be outside office take all from there
ham,Ok lor wat time Ì_ finish?
ham,Ok no prob
ham,"Beautiful Truth against Gravity.. Read carefully: \Our heart feels light when someone is in it.. But it feels very heavy when someone leaves it..\"" GOOD NIGHT"""
ham,Was it something u ate?
ham,Ummma.will call after check in.our life will begin from qatar so pls pray very hard.
ham,Having lunch:)you are not in online?why?
ham,In meeting da. I will call you
ham,Hello handsome ! Are you finding that job ? Not being lazy ? Working towards getting back that net for mummy ? Where's my boytoy now ? Does he miss me ?
ham,K:)i will give my kvb acc details:)
ham,K. I will sent it again
ham,Do I? I thought I put it back in the box
ham,I'm meeting Darren...
ham,Hiya do u like the hlday pics looked horrible in them so took mo out! Hows the camp Amrca thing? Speak soon Serena:)
ham,Kindly send some one to our flat before  &lt;DECIMAL&gt;  today.
spam,"BangBabes Ur order is on the way. U SHOULD receive a Service Msg 2 download UR content. If U do not, GoTo wap. bangb. tv on UR mobile internet/service menu"
ham,Whens your radio show?
ham,I'm really sorry i won't b able 2 do this friday.hope u can find an alternative.hope yr term's going ok:-)
ham,Busy here. Trying to finish for new year. I am looking forward to finally meeting you...
ham,"Hmm... Dunno leh, mayb a bag 4 goigng out dat is not too small. Or jus anything except perfume, smth dat i can keep."
ham,Missing you too.pray inshah allah
ham,Bugis oso near wat... 
ham,I'm working technical support :)voice process.networking field.
ham,Yesterday its with me only . Now am going home.
spam,"SIX chances to win CASH! From 100 to 20,000 pounds txt> CSH11 and send to 87575. Cost 150p/day, 6days, 16+ TsandCs apply Reply HL 4 info"
ham,"Thursday night? Yeah, sure thing, we'll work it out then"
ham,Hey you can pay. With salary de. Only  &lt;#&gt; .
ham,"Sorry, I'll call later"
ham,Sending you greetings of joy and happiness. Do have a gr8 evening
ham,Play w computer? Aiyah i tok 2 u lor?
spam,Camera - You are awarded a SiPix Digital Camera! call 09061221066 fromm landline. Delivery within 28 days.
ham,"Sorry, I'll call later"
ham,Blank is Blank. But wat is blank? Lol
ham,Be sure to check your yahoo email. We sent photos yesterday
spam,Ur cash-balance is currently 500 pounds - to maximize ur cash-in now send CASH to 86688 only 150p/msg. CC: 08708800282 HG/Suite342/2Lands Row/W1J6HL
ham,Okey dokey swashbuckling stuff what oh.
ham,"Best msg: It's hard to be with a person, when u know that one more step foward will make u fall in love.. &amp; One step back can ruin ur friendship.. good night:-) ..."
spam,You have 1 new voicemail. Please call 08719181513.
ham,Can you talk with me..
ham,What's up my own oga. Left my phone at home and just saw ur messages. Hope you are good. Have a great weekend.
ham,Or ill be a little closer like at the bus stop on the same street
ham,No de. But call me after some time. Ill tell you k
ham,I dont have that much image in class.
ham,"Chinatown got porridge, claypot rice, yam cake, fishhead beehoon... Either we eat cheap den go cafe n tok or go nydc or somethin..."
ham,I cant pick the phone right now. Pls send a message
ham,All was well until slightly disastrous class this pm with my fav darlings! Hope day off ok. Coffee wld be good as can't stay late tomorrow. Same time + place as always?
ham,Oh thanks a lot..i already bought 2 eggs ..
ham,Me fine..absolutly fine
spam,"England v Macedonia - dont miss the goals/team news. Txt ur national team to 87077 eg ENGLAND to 87077 Try:WALES, SCOTLAND 4txt/Ì¼1.20 POBOXox36504W45WQ 16+"
ham,Go where n buy? Juz buy when we get there lar.
ham,I love to wine and dine my lady!
ham,HI BABE IM AT HOME NOW WANNA DO SOMETHING? XX
ham,Ok. Very good. Its all about making that money.
ham,Thank god they are in bed!
ham,No it will reach by 9 only. She telling she will be there. I dont know
spam,"Claim a 200 shopping spree, just call 08717895698 now! Have you won! MobStoreQuiz10ppm"
ham,Am i that much bad to avoid like this?
ham,Watching tv lor... Y she so funny we bluff her 4 wat. Izzit because she thk it's impossible between us?
ham,Lol boo I was hoping for a laugh
ham,Ok. How many should i buy.
ham,"Hi elaine, is today's meeting confirmed?"
ham,Yup i thk they r e teacher said that will make my face look longer. Darren ask me not 2 cut too short.
spam,"This is the 2nd time we have tried to contact u. U have won the å£400 prize. 2 claim is easy, just call 087104711148 NOW! Only 10p per minute. BT-national-rate"
ham,Are you this much buzy
ham,\Hey sorry I didntgive ya a a bellearlier hunny
ham,Ok no prob... I'll come after lunch then...
ham,R u here yet? I'm wearing blue shirt n black pants.
ham,"Hi Shanil,Rakhesh here.thanks,i have exchanged the uncut diamond stuff.leaving back. Excellent service by Dino and Prem."
ham,"Merry Christmas to you too babe, i love ya *kisses*"
ham,"Haha... Sounds crazy, dunno can tahan anot..."
spam,You are a winner U have been specially selected 2 receive å£1000 or a 4* holiday (flights inc) speak to a live operator 2 claim 0871277810910p/min (18+) 
ham,"K, text me when you're on the way"
ham,"Hello.How u doing?What u been up 2?When will u b moving out of the flat, cos I will need to arrange to pick up the lamp, etc. Take care. Hello caroline!"
ham,Lol! Oops sorry! Have fun. 
ham,Da my birthdate in certificate is in april but real date is today. But dont publish it. I shall give you a special treat if you keep the secret. Any way thanks for the wishes
ham,Do you know when dad will be back?
ham,Thanks for looking out for me. I really appreciate.
ham,You still at the game?
ham,thanks for the temales it was wonderful. Thank. Have a great week.
ham,Can i meet Ì_ at 5.. As 4 where depends on where Ì_ wan 2 in lor..
ham,.Please charge my mobile when you get up in morning.
ham,"I sent you the prices and do you mean the  &lt;#&gt; g,"
ham,Hey so this sat are we going for the intro pilates only? Or the kickboxing too? 
ham,"Awesome, that gonna be soon or later tonight?"
ham,So is there anything specific I should be doing with regards to jaklin or what because idk what the fuck
spam,U are subscribed to the best Mobile Content Service in the UK for å£3 per 10 days until you send STOP to 82324. Helpline 08706091795
ham,"Argh my 3g is spotty, anyway the only thing I remember from the research we did was that province and sterling were the only problem-free places we looked at"
ham,Ding me on ya break fassyole! Blacko from londn
ham,"Its ok., i just askd did u knw tht no?"
ham,Joy's father is John. Then John is the ____ of Joy's father. If u ans ths you hav  &lt;#&gt;  IQ. Tis s IAS question try to answer.
ham,Doing my masters. When will you buy a bb cos i have for sale and how's bf
ham,Sad story of a Man - Last week was my b'day. My Wife did'nt wish me. My Parents forgot n so did my Kids . I went to work. Even my Colleagues did not wish.
ham,"Just wondering, the others just took off"
ham,Lol please do. Actually send a pic of yourself right now. I wanna see. Pose with a comb and hair dryer or something.
ham,No we sell it all so we'll have tons if coins. Then sell our coins to someone thru paypal. Voila! Money back in life pockets:)
ham,"Sir Goodmorning, Once free call me."
ham,A bloo bloo bloo I'll miss the first bowl
ham,Probably gonna swing by in a wee bit
ham,Somebody set up a website where you can play hold em using eve online spacebucks
ham,"That's fine, have him give me a call if he knows what he wants or has any questions"
ham,Ok...
ham,The new deus ex game comin early next yr
ham,Yes! I am a one woman man! Please tell me your likes and dislikes in bed...
ham,"The affidavit says  &lt;#&gt;  E Twiggs St, division g, courtroom  &lt;#&gt; , &lt;TIME&gt;  AM. I'll double check and text you again tomorrow"
ham,Hows that watch resizing
ham,R u in this continent?
ham,Please attend the phone:)
spam,"Fantasy Football is back on your TV. Go to Sky Gamestar on Sky Active and play å£250k Dream Team. Scoring starts on Saturday, so register now!SKY OPT OUT to 88088"
ham,There r many model..sony ericson also der.. &lt;#&gt; ..it luks good bt i forgot modl no
ham,"Sorry, I'll call later"
ham,"\CHEERS U TEX MECAUSE U WEREBORED! YEAH OKDEN HUNNY R UIN WK SAT?SOUNDåÕS LIKEYOUR HAVIN GR8FUN J! KEEP UPDAT COUNTINLOTS OF LOVEME XXXXX.\"""""
ham,I'm hungry buy smth home...
ham,Uncle boye. I need movies oh. Guide me. Plus you know torrents are not particularly legal here. And the system is slowing down. What should i do. Have a gr8 day. Plus have you started cos i dont meet you online. How was the honey moon.
ham,No did you check? I got his detailed message now
ham,"Ok., is any problem to u frm him? Wats matter?"
ham,Yes..he is really great..bhaji told kallis best cricketer after sachin in world:).very tough to get out.
ham,Good Morning plz call me sir
ham,Pansy! You've been living in a jungle for two years! Its my driving you should be more worried about!
ham,I REALLY NEED 2 KISS U I MISS U MY BABY FROM UR BABY 4EVA
ham,"Lets use it next week, princess :)"
ham,Just normal only here :)
ham,Da is good good player.why he is unsold.
ham,Havent.
ham,O we cant see if we can join denis and mina? Or does denis want alone time
ham,Hmmm...k...but i want to change the field quickly da:-)i wanna get system administrator or network administrator..
ham,"Not yet chikku..k, then wat abt tht guy did he stopped irritating or msging to u.."
ham,"whatever, im pretty pissed off."
ham,Juz now havent woke up so a bit blur blur... Can? Dad went out liao... I cant cum now oso...
ham,I thank you so much for all you do with selflessness. I love you plenty.
ham,Yes fine 
ham,"A swt thought: \Nver get tired of doing little things 4 lovable persons..\"" Coz..somtimes those little things occupy d biggest part in their Hearts.. Gud ni8"""
ham,I WILL CAL YOU SIR. In meeting
ham,"Jay wants to work out first, how's 4 sound?"
ham,I hope your pee burns tonite.
ham,"Actually, my mobile is full of msg. And i m doing a work online, where i need to send them  &lt;#&gt;  sent msg i wil explain u later."
ham,Do you know when the result.
ham,I can take you at like noon
ham,"I know you are thinkin malaria. But relax, children cant handle malaria. She would have been worse and its gastroenteritis. If she takes enough to replace her loss her temp will reduce. And if you give her malaria meds now she will just vomit. Its a self limiting illness she has which means in a few days it will completely stop"
ham,Ha ha cool cool chikku chikku:-):-DB-)
ham,We'll join the  &lt;#&gt;  bus
spam,Please call our customer service representative on FREEPHONE 0808 145 4742 between 9am-11pm as you have WON a guaranteed å£1000 cash or å£5000 prize!
spam,"URGENT! Your mobile was awarded a å£1,500 Bonus Caller Prize on 27/6/03. Our final attempt 2 contact U! Call 08714714011"
ham,"Call me da, i am waiting for your call."
ham,\HI BABE UAWAKE?FEELLIKW SHIT.JUSTFOUND OUT VIA ALETTER THATMUM GOTMARRIED 4thNOV.BEHIND OURBACKS åÐ FUCKINNICE!SELFISH
ham,Pls accept me for one day. Or am begging you change the number.
ham,Bognor it is! Should be splendid at this time of year.
ham,What was she looking for?
ham,K.i did't see you.:)k:)where are you now?
ham,I am great! How are you?
ham,Does she usually take fifteen fucking minutes to respond to a yes or no question
ham,Roger that. WeÛ÷re probably going to rem in about 20
ham,Any pain on urination any thing else?
ham,What's up. Do you want me to come online?
spam,"Free-message: Jamster!Get the crazy frog sound now! For poly text MAD1, for real text MAD2 to 88888. 6 crazy sounds for just 3 GBP/week! 16+only! T&C's apply"
ham,He's really into skateboarding now despite the fact that he gets thrown off of it and winds up with bandages and shit all over his arms every five minutes
ham,"Oh, i will get paid. The most outstanding one is for a commercial i did for Hasbro...in AUGUST! They made us jump through so many hoops to get paid. Still not."
ham,Haha mayb u're rite... U know me well. Da feeling of being liked by someone is gd lor. U faster go find one then all gals in our group attached liao.
ham,Well there's not a lot of things happening in Lindsay on New years *sighs* Some bars in Ptbo and the blue heron has something going
spam,<Forwarded from 21870000>Hi - this is your Mailbox Messaging SMS alert. You have 4 messages. You have 21 matches. Please call back on 09056242159 to retrieve your messages and matches
ham,"So many people seems to be special at first sight, But only very few will remain special to you till your last sight.. Maintain them till life ends.. Sh!jas"
ham,Good evening! How are you?
ham,Your brother is a genius
ham,That would be great. We'll be at the Guild. Could meet on Bristol road or somewhere - will get in touch over weekend. Our plans take flight! Have a good week
ham,"Sir, waiting for your letter."
spam,URGENT! We are trying to contact U. Todays draw shows that you have won a å£800 prize GUARANTEED. Call 09050003091 from land line. Claim C52. Valid12hrs only
ham,All sounds good. Fingers . Makes it difficult to type
ham,I dun believe u. I thk u told him.
ham,Your gonna be the death if me. I'm gonna leave a note that says its all robs fault. Avenge me.
ham,Dear umma she called me now :-)
ham,Love has one law; Make happy the person you love. In the same way friendship has one law; Never make ur friend feel alone until you are alive.... Gud night
ham,Ya! when are Ì_ taking ure practical lessons? I start in june..  
ham,Whatsup there. Dont u want to sleep
ham,Û_ and donÛ÷t worry weÛ÷ll have finished by march Û_ ish!
ham,I pocked you up there before
ham,HOW ARE U? I HAVE MISSED U! I HAVENT BEEN UP 2 MUCH A BIT BORED WITH THE HOLIDAY WANT 2 GO BAK 2 COLLEGE! SAD ISNT IT?xx
ham,"Damn, poor zac doesn't stand a chance"
ham,Oh k...i'm watching here:)
ham,I tagged MY friends that you seemed to count as YOUR friends.
ham,"LOL .. *grins* .. I'm not babe, but thanks for thinking of me!"
ham,"Yes obviously, but you are the eggs-pert and the potato headÛ_ Speak soon! "
ham,"sir, you will receive the account no another 1hr time. Sorry for the delay."
ham,Its a part of checking IQ
ham,Great to hear you are settling well. So what's happenin wit ola?
ham,I'm home...
ham,Many more happy returns of the day. I wish you happy birthday.
ham,"Nt only for driving even for many reasons she is called BBD..thts it chikku, then hw abt dvg cold..heard tht vinobanagar violence hw is the condition..and hw ru ? Any problem?"
ham,Lol your always so convincing.
ham,Just wait till end of march when el nino gets himself. Oh.
spam,"Urgent! call 09066612661 from landline. Your complementary 4* Tenerife Holiday or å£10,000 cash await collection SAE T&Cs PO Box 3 WA14 2PX 150ppm 18+ Sender: Hol Offer"
ham,Come aftr  &lt;DECIMAL&gt; ..now i m cleaning the house
ham,5 nights...We nt staying at port step liao...Too ex
ham,Life style garments account no please.
ham,Its a site to simulate the test. It just gives you very tough questions to test your readiness.
ham,Love that holiday Monday feeling even if I have to go to the dentists in an hour
ham,Guai... ÌÏ shd haf seen him when he's naughty... ÌÏ so free today? Can go jogging...
ham,Today i'm not workin but not free oso... Gee... Thgt u workin at ur fren's shop ? 
ham,Not course. Only maths one day one chapter with in one month we can finish.
ham,Ok... The theory test? when are Ì_ going to book? I think it's on 21 may. Coz thought wanna go out with jiayin. But she isnt free
spam,Ringtone Club: Get the UK singles chart on your mobile each week and choose any top quality ringtone! This message is free of charge.
ham,Tell my  bad character which u Dnt lik in me. I'll try to change in  &lt;#&gt; . I ll add tat 2 my new year resolution. Waiting for ur reply.Be frank...good morning.
spam,Congratulations ur awarded 500 of CD vouchers or 125gift guaranteed & Free entry 2 100 wkly draw txt MUSIC to 87066 TnCs www.Ldew.com1win150ppmx3age16
ham,Discussed with your mother ah?
spam,"Congrats! 1 year special cinema pass for 2 is yours. call 09061209465 now! C Suprman V, Matrix3, StarWars3, etc all 4 FREE! bx420-ip4-5we. 150pm. Dont miss out! "
ham,What your plan for pongal?
ham,I cant pick the phone right now. Pls send a message
ham,Havent still waitin as usual... ÌÏ come back sch oredi?
spam,YOU HAVE WON! As a valued Vodafone customer our computer has picked YOU to win a å£150 prize. To collect is easy. Just call 09061743386 
ham,Just wanted to say holy shit you guys weren't kidding about this bud
spam,RECPT 1/3. You have ordered a Ringtone. Your order is being processed...
ham,Love it! The girls at the office may wonder why you are smiling but sore...
ham,Ok... But bag again..
ham,"Hi Jon, Pete here, Ive bin 2 Spain recently & hav sum dinero left, Bill said u or ur åÔrents mayb interested in it, I hav 12,000pes, so around å£48, tb, James."
ham,You made my day. Do have a great day too.
ham,K I'll be sure to get up before noon and see what's what
ham,"Sir, good morning. Hope you had a good weekend. I called to let you know that i was able to raise  &lt;#&gt;  from my dad. He however said he would make the rest available by mid feb. This amount is still quite short and i was hoping you would help. Do have a good day. Abiola"
ham,HI BABE U R MOST LIKELY TO BE IN BED BUT IM SO SORRY ABOUT TONIGHT! I REALLY WANNA SEE U TOMORROW SO CALL ME AT 9. LOVE ME XXX
ham,I'm sick !! I'm needy !! I want you !! *pouts* *stomps feet* Where are you ?! *pouts* *stomps feet* I want my slave !! I want him now !!
ham,"Sure, whenever you show the fuck up &gt;:("
ham,"Not much, just some textin'. How bout you?"
ham,True. Its easier with her here.
ham,Yeah I can still give you a ride
ham,Aiyar sorry lor forgot 2 tell u...
spam,Todays Vodafone numbers ending with 4882 are selected to a receive a å£350 award. If your number matches call 09064019014 to receive your å£350 award.
ham,Okay lor... Wah... like that def they wont let us go... Haha... What did they say in the terms and conditions?
ham,"Sorry, I'll call later"
ham,He's in lag. That's just the sad part but we keep in touch thanks to skype
ham,I'm also came to room.
ham,Not planned yet :)going to join company on jan 5 only.don know what will happen after that.
ham,Haha... They cant what... At the most tmr forfeit... haha so how?
ham,All will come alive.better correct any good looking figure there itself..
ham,Ugh hopefully the asus ppl dont randomly do a reformat.
ham,"Velly good, yes please!"
ham,HMM yeah if your not too grooved out! And im looking forward to my pound special :)
ham,Better. Made up for Friday and stuffed myself like a pig yesterday. Now I feel bleh. But at least its not writhing pain kind of bleh.
ham,"I'm not smoking while people use \wylie smokes too much\"" to justify ruining my shit"""
ham,K k:) sms chat with me.
spam,"You are being contacted by our dating service by someone you know! To find out who it is, call from a land line 09050000878. PoBox45W2TG150P"
spam,ROMCAPspam Everyone around should be responding well to your presence since you are so warm and outgoing. You are bringing in a real breath of sunshine.
ham,Hey i will be late ah... Meet you at 945+
ham,Well. You know what i mean. Texting
ham,Lol well don't do it without me. We could have a big sale together.
ham,U 2.
ham,"That's fine, I'll bitch at you about it later then"
ham,At WHAT TIME should i come tomorrow
ham,"Haha I heard that, text me when you're around"
ham,We're on the opposite side from where we dropped you off
spam,URGENT! Your Mobile number has been awarded with a å£2000 prize GUARANTEED. Call 09061790126 from land line. Claim 3030. Valid 12hrs only 150ppm
ham,I'm home. Ard wat time will u reach?
ham,Lara said she can loan me  &lt;#&gt; .
ham,Didn't you get hep b immunisation in nigeria.
ham,Send me the new number
spam,83039 62735=å£450 UK Break AccommodationVouchers terms & conditions apply. 2 claim you mustprovide your claim number which is 15541 
spam,"TheMob>Hit the link to get a premium Pink Panther game, the new no. 1 from Sugababes, a crazy Zebra animation or a badass Hoody wallpaper-all 4 FREE!"
ham,What Today-sunday..sunday is holiday..so no work..
spam,"URGENT! Your mobile No 07xxxxxxxxx won a å£2,000 bonus caller prize on 02/06/03! this is the 2nd attempt to reach YOU! call 09066362231 ASAP! BOX97N7QP, 150PPM"
ham,I jokin oni lar.. ÌÏ busy then i wun disturb Ì_.
ham,Pls ask macho how much is budget for bb bold 2 is cos i saw a new one for  &lt;#&gt;  dollars.
ham,How? Izzit still raining?
ham,Kaiez... Enjoy ur tuition... Gee... Thk e second option sounds beta... I'll go yan jiu den msg u...
spam,88800 and 89034 are premium phone services call 08718711108
ham,Yup he msg me: is tat yijue? Then i tot it's my group mate cos we meeting today mah... I'm askin if Ì_ leaving earlier or wat mah cos mayb Ì_ haf to walk v far...
ham,Lol grr my mom is taking forever with my prescription. Pharmacy is like 2 minutes away. Ugh.
ham,Ok c Ì_ then.
ham,"Hello. No news on job, they are making me wait a fifth week! Yeah im up for some woozles and weasels... In exeter still, but be home about 3. "
ham,"I'm eatin now lor, but goin back to work soon... E mountain deer show huh... I watch b4 liao, very nice..."
spam,This message is free. Welcome to the new & improved Sex & Dogging club! To unsubscribe from this service reply STOP. msgs@150p 18 only
spam,"Hi, the SEXYCHAT girls are waiting for you to text them. Text now for a great night chatting. send STOP to stop this service"
ham,Hey... Why dont we just go watch x men and have lunch... Haha 
ham,THING R GOOD THANX GOT EXAMS IN MARCH IVE DONE NO REVISION? IS FRAN STILL WITH BOYF? IVE GOTTA INTERVIW 4 EXETER BIT WORRIED!x
ham,Love you aathi..love u lot..
ham,What he said is not the matter. My mind saying some other matter is there.
ham,"No idea, I guess we'll work that out an hour after we're supposed to leave since as usual nobody has any interest in figuring shit out before the last second"
ham,"Haha figures, well I found the piece and priscilla's bowl"
spam,**FREE MESSAGE**Thanks for using the Auction Subscription Service. 18 . 150p/MSGRCVD 2 Skip an Auction txt OUT. 2 Unsubscribe txt STOP CustomerCare 08718726270
ham,Sleeping nt feeling well
ham,Hi ....My engagement has been fixd on  &lt;#&gt; th of next month. I know its really shocking bt....hmm njan vilikkam....t ws al of a sudn;-(.
ham,K.k:)i'm going to tirunelvali this week to see my uncle ..i already spend the amount by taking dress .so only i want money.i will give it on feb 1
ham,"Coffee cake, i guess..."
ham,You intrepid duo you! Have a great time and see you both soon. 
ham,Exactly. Anyways how far. Is jide her to study or just visiting
ham,If you r @ home then come down within 5 min
ham,Shhhhh nobody is supposed to know!
ham,Ya just telling abt tht incident..
ham,Yeah that's the impression I got
ham,Dont know you bring some food
spam,URGENT We are trying to contact you Last weekends draw shows u have won a å£1000 prize GUARANTEED Call 09064017295 Claim code K52 Valid 12hrs 150p pm
ham,"Call me when you/carlos is/are here, my phone's vibrate is acting up and I might not hear texts"
ham,"As usual..iam fine, happy &amp; doing well..:)"
ham,Hi babe its me thanks for coming even though it didnt go that well!i just wanted my bed! Hope to see you soon love and kisses xxx
ham,I am waiting for your call sir.
spam,URGENT! Your Mobile number has been awarded with a å£2000 prize GUARANTEED. Call 09058094454 from land line. Claim 3030. Valid 12hrs only
ham,Yup Ì_ not comin :-(
ham,Ok cool. See ya then.
ham,Great escape. I fancy the bridge but needs her lager. See you tomo 
ham,Love you aathi..love u lot..
ham,Mmm thats better now i got a roast down me! iåÕd b better if i had a few drinks down me 2! Good indian?
ham,Networking technical support associate.
ham,"I sent my scores to sophas and i had to do secondary application for a few schools. I think if you are thinking of applying, do a research on cost also. Contact joke ogunrinde, her school is one me the less expensive ones"
ham,Did u see what I posted on your Facebook?
spam,"WIN: We have a winner! Mr. T. Foley won an iPod! More exciting prizes soon, so keep an eye on ur mobile or visit www.win-82050.co.uk"
ham,"Its ok, if anybody asks abt me, u tel them..:-P"
ham,I have gone into get info bt dont know what to do
ham,Y lei?
ham,"Probably not, I'm almost out of gas and I get some cash tomorrow"
ham,ÌÏ takin linear algebra today?
spam,You have won a Nokia 7250i. This is what you get when you win our FREE auction. To take part send Nokia to 86021 now. HG/Suite342/2Lands Row/W1JHL 16+
ham,"Good! No, donÛ÷t need any receiptsÛÓwell done! (Û_) Yes, please tell . WhatÛ÷s her number, i could ring her"
ham,K..k:)how much does it cost?
ham,I probably won't eat at all today. I think I'm gonna pop. How was your weekend? Did u miss me?
ham,"I want to show you the world, princess :) how about europe?"
ham,Come to mahal bus stop.. &lt;DECIMAL&gt;
ham,Anyway i'm going shopping on my own now. Cos my sis not done yet. Dun disturb u liao.
ham,Mmm so yummy babe ... Nice jolt to the suzy
ham,"Hey ! I want you ! I crave you ! I miss you ! I need you ! I love you, Ahmad Saeed al Hallaq ..."
ham,Can i get your opinion on something first?
ham,Happy New Year Princess!
ham,You have to pls make a note of all she.s exposed to. Also find out from her school if anyone else was vomiting. Is there a dog or cat in the house? Let me know later.
ham,Where do you need to go to get it?
ham,Lol now I'm after that hot air balloon!
ham,My planning usually stops at \find hella weed
ham,Super da:)good replacement for murali
ham,Its a big difference.  &lt;#&gt;  versus  &lt;#&gt;  every  &lt;#&gt; hrs
ham,"Haha yeah I see that now, be there in a sec"
ham,"Ill call u 2mrw at ninish, with my address that icky American freek wont stop callin me 2 bad Jen k eh?"
ham,Reckon need to be in town by eightish to walk from * carpark.
ham,"Do 1 thing! Change that sentence into: \Because i want 2 concentrate in my educational career im leaving here..\"""""
ham,"\Hey! do u fancy meetin me at 4 at cha åÐ hav a lil beverage on me. if not txt or ring me and we can meet up l8r. quite tired got in at 3 v.pist ;) love Pete x x x\"""""
ham,Kinda. First one gets in at twelve! Aah. Speak tomo
ham,He also knows about lunch menu only da. . I know
spam,Bored housewives! Chat n date now! 0871750.77.11! BT-national rate 10p/min only from landlines!
ham,Sorry to be a pain. Is it ok if we meet another night? I spent late afternoon in casualty and that means i haven't done any of y stuff42moro and that includes all my time sheets and that. Sorry. 
spam,I don't know u and u don't know me. Send CHAT to 86688 now and let's find each other! Only 150p/Msg rcvd. HG/Suite342/2Lands/Row/W1J6HL LDN. 18 years or over.
ham,"Please protect yourself from e-threats. SIB never asks for sensitive information like Passwords,ATM/SMS PIN thru email. Never share your password with anybody."
ham,S now only i took tablets . Reaction morning only.
ham,No rushing. I'm not working. I'm in school so if we rush we go hungry.
spam,Am new 2 club & dont fink we met yet Will B gr8 2 C U Please leave msg 2day wiv ur area 09099726553 reply promised CARLIE x Callså£1/minMobsmore LKPOBOX177HP51FL
ham,ÌÏ log off 4 wat. It's sdryb8i
spam,Reply with your name and address and YOU WILL RECEIVE BY POST a weeks completely free accommodation at various global locations www.phb1.com ph:08700435505150p
ham,"How's my loverboy doing ? What does he do that keeps him from coming to his Queen, hmmm ? Doesn't he ache to speak to me ? Miss me desparately ?"
ham,Me fine..absolutly fine
ham,Still in the area of the restaurant. Ill try to come back soon
ham,"Christmas is An occasion that is Celebrated as a Reflection of UR... Values..., Desires..., Affections...&amp; Traditions.... Have an ideal Christmas..."
ham,Yup bathe liao...
ham,O shore are you takin the bus
spam,Todays Voda numbers ending 7548 are selected to receive a $350 award. If you have a match please call 08712300220 quoting claim code 4041 standard rates app
ham,Raji..pls do me a favour. Pls convey my Birthday wishes to Nimya. Pls. Today is her birthday.
ham,"Ha. You donÛ÷t know either. I did a a clever but simple thing with pears the other day, perfect for christmas."
spam,"As a SIM subscriber, you are selected to receive a Bonus! Get it delivered to your door, Txt the word OK to No: 88600 to claim. 150p/msg, EXP. 30Apr"
ham,Lol! Nah wasn't too bad thanks. Its good to b home but its been quite a reality check. Hows ur day been? Did u do anything with website?
ham,You are a big chic. Common. Declare
ham,Not..tel software name..
ham,No da..today also i forgot..
ham,Will purchase d stuff today and mail to you. Do you have a po box number?
ham,"Oops I did have it,  &lt;#&gt; ?"
ham,S'fine. Anytime. All the best with it.
ham,U should have made an appointment
spam,"0A$NETWORKS allow companies to bill for SMS, so they are responsible for their \suppliers\"""
ham,No but the bluray player can
ham,Ok thanx... Take care then...
ham,Dunno lei Ì_ all decide lor. How abt leona? Oops i tot ben is going n i msg him.
spam,Loans for any purpose even if you have Bad Credit! Tenants Welcome. Call NoWorriesLoans.com on 08717111821
ham,I am going to sleep. I am tired of travel.
ham,"Do 1 thing! Change that sentence into: \Because i want 2 concentrate in my educational career im leaving here..\"""""
spam,"Thanks for your ringtone order, ref number K718. Your mobile will be charged å£4.50. Should your tone not arrive please call customer services on 09065069120"
ham,Okie but i scared u say i fat... Then u dun wan me already...
ham,Okay... I booked all already... Including the one at bugis.
ham,"I dun thk i'll quit yet... Hmmm, can go jazz ? Yogasana oso can... We can go meet em after our lessons den... "
ham,Are you at work right now ?
ham,K I'll take care of it
ham,"Mmmmmm ... I love you,so much, Ahmad ... I can't wait for this year to begin as every second takes me closer to being at your side. Happy New Year, my love!!"
ham,Well its not like you actually called someone a punto. That woulda been worse.
ham,Ho ho - big belly laugh! See ya tomo
ham,Ahhh. Work. I vaguely remember that! What does it feel like? Lol
ham,Ok lar... Joking wif u oni...
ham,Ugh. Gotta drive back to sd from la. My butt is sore.
ham,I'm at home. Please call
ham,I dont know exactly could you ask chechi.
ham,Dunno lei he neva say...
ham,If you ask her or she say any please message.
ham,I will send them to your email. Do you mind  &lt;#&gt;  times per night?
ham,"Hi Chikku, send some nice msgs"
ham,Hi dude hw r u da realy mising u today
ham,OK i'm waliking ard now... Do u wan me 2 buy anything go ur house?
ham,"God picked up a flower and dippeditinaDEW, lovingly touched itwhichturnedinto u, and the he gifted tomeandsaid,THIS FRIEND IS 4U"
spam,Boltblue tones for 150p Reply POLY# or MONO# eg POLY3 1. Cha Cha Slide 2. Yeah 3. Slow Jamz 6. Toxic 8. Come With Me or STOP 4 more tones txt MORE
ham,I will reach office around  &lt;DECIMAL&gt; . &amp; my mobile have problem. You cann't get my voice. So call you asa i'll free
ham,"Wait that's still not all that clear, were you not sure about me being sarcastic or that that's why x doesn't want to live with us"
ham,"Sorry,in meeting I'll call later"
ham,I've reached already.
ham,Who were those people ? Were you in a tour ? I thought you were doing that sofa thing you sent me ? Your curious sugar
ham,Hey i will be really pretty late... You want to go for the lesson first? I will join you. I'm only reaching tp mrt
ham,Now only i reached home. . . I am very tired now. . I will come tomorro
ham,"Did I forget to tell you ? I want you , I need you, I crave you ... But most of all ... I love you my sweet Arabian steed ... Mmmmmm ... Yummy"
ham,He's just gonna worry for nothing. And he won't give you money its no use.
ham,I'm in class. Did you get my text.
ham, &lt;#&gt;  mins but i had to stop somewhere first.
ham,Squeeeeeze!! This is christmas hug.. If u lik my frndshp den hug me back.. If u get 3 u r cute:) 6 u r luvd:* 9 u r so lucky;) None? People hate u:
ham,Tell where you reached
ham,R Ì_ going 4 today's meeting?
ham,Wot u up 2 u weirdo?
spam,URGENT! We are trying to contact U. Todays draw shows that you have won a å£800 prize GUARANTEED. Call 09050003091 from land line. Claim C52. Valid 12hrs only
ham,Nope i waiting in sch 4 daddy... 
ham,Dont worry. I guess he's busy.
ham,"Sorry, I'll call later in meeting"
ham,Aight sorry I take ten years to shower. What's the plan?
ham,Big brotherÛ÷s really scraped the barrel with this shower of social misfits
ham,I'm not driving... Raining! Then i'll get caught at e mrt station lor.
ham,"Plz note: if anyone calling from a mobile Co. &amp; asks u to type # &lt;#&gt;  or # &lt;#&gt; . Do not do so. Disconnect the call,coz it iz an attempt of 'terrorist' to make use of the sim card no. Itz confirmd by nokia n motorola n has been verified by CNN IBN."
ham,Like a personal sized or what
ham,Just haven't decided where yet eh ?
ham,"Its so common hearin How r u? Wat r u doing? How was ur day? So let me ask u something different. Did u smile today? If not, do it now.... Gud evng."
ham,I'm gonna rip out my uterus.
ham,"We have sent JD for Customer Service cum Accounts Executive to ur mail id, For details contact us"
spam,Good Luck! Draw takes place 28th Feb 06. Good Luck! For removal send STOP to 87239 customer services 08708034412
ham,"Right on brah, see you later"
ham,happened here while you were adventuring
ham,Yes see ya not on the dot
ham,No..its ful of song lyrics..
ham,What i told before i tell. Stupid hear after i wont tell anything to you. You dad called to my brother and spoken. Not with me.
ham,Did u got that persons story
ham,K...k...yesterday i was in cbe .
ham,It shall be fine. I have avalarr now. Will hollalater
ham,Ya very nice. . .be ready on thursday
spam,Dorothy@kiefer.com (Bank of Granite issues Strong-Buy) EXPLOSIVE PICK FOR OUR MEMBERS *****UP OVER 300% *********** Nasdaq Symbol CDGT That is a $5.00 per..
ham,"IÛ÷ll leave around four, ok?"
ham,Short But Cute : \ Be a good person 
spam,Check Out Choose Your Babe Videos @ sms.shsex.netUN fgkslpoPW fgkslpo
ham,Reading gud habit.. Nan bari hudgi yorge pataistha ertini kano:-)
spam,T-Mobile customer you may now claim your FREE CAMERA PHONE upgrade & a pay & go sim card for your loyalty. Call on 0845 021 3680.Offer ends 28thFeb.T&C's apply
ham,Alrite jod hows the revision goin? Keris bin doin a smidgin. N e way u wanna cum over after college?xx
ham,"I've got ten bucks, jay is being noncomittal"
ham,And several to you sir.
ham,Oh that was a forwarded message. I thought you send that to me
ham,Even my brother is not like to speak with me. They treat me like aids patent.
ham,"Japanese Proverb: If one Can do it, U too Can do it, If none Can do it,U must do it Indian version: If one Can do it, LET HIM DO it.. If none Can do it,LEAVE it!! And finally Kerala version: If one can do it, Stop him doing it.. If none can do it, Make a strike against it ..."
ham,Haha... Really oh no... How? Then will they deduct your lesson tmr?
spam,Send a logo 2 ur lover - 2 names joined by a heart. Txt LOVE NAME1 NAME2 MOBNO eg LOVE ADAM EVE 07123456789 to 87077 Yahoo! POBox36504W45WQ TxtNO 4 no ads 150p
ham,You in your room? I need a few
ham,"Superb Thought- \Be grateful that u dont have everything u want. That means u still have an opportunity to be happier tomorrow than u are today.\"":-)"""
spam,Dear Dave this is your final notice to collect your 4* Tenerife Holiday or #5000 CASH award! Call 09061743806 from landline. TCs SAE Box326 CW25WX 150ppm
ham,Sorry sent blank msg again. Yup but trying 2 do some serious studying now.
ham,WOT STUDENT DISCOUNT CAN U GET ON BOOKS?
ham,"Rose for red,red for blood,blood for heart,heart for u. But u for me.... Send tis to all ur friends.. Including me.. If u like me.. If u get back, 1-u r poor in relation! 2-u need some 1 to support 3-u r frnd 2 many 4-some1 luvs u 5+- some1 is praying god to marry u.:-) try it...."
ham,"As I entered my cabin my PA said, '' Happy B'day Boss !!''. I felt special. She askd me 4 lunch. After lunch she invited me to her apartment. We went there."
ham,Fine if thatåÕs the way u feel. ThatåÕs the way its gota b
ham,Can Ì_ call me at 10:10 to make sure dat i've woken up...
ham,Just hopeing that wasnÛ÷t too pissed up to remember and has gone off to his sisters or something!
ham,Hmm ill have to think about it... ok you're forgiven! =D
ham,Tomorrow i am not going to theatre. . . So i can come wherever u call me. . . Tell me where and when to come tomorrow
ham,Printer is cool. I mean groovy. Wine is groovying
ham,What happened in interview?
ham,How are you holding up?
ham,Not from this campus. Are you in the library?
ham,Great comedy..cant stop laughing da:)
ham,what I meant to say is cant wait to see u again getting bored of this bridgwater banter
ham,"Ok. Not much to do here though. H&M Friday, cant wait. Dunno wot the hell im gonna do for another 3 weeks! Become a slob- oh wait, already done that! "
ham,I'm at home. Please call
ham,I'm already back home so no probably not
ham,No. She's currently in scotland for that.
ham,If i start sending blackberry torch to nigeria will you find buyer for me?like 4a month. And tell dad not to buy bb from anyone oh.
ham,No screaming means shouting..
ham,"Honeybee Said: *I'm d Sweetest in d World* God Laughed &amp; Said: *Wait,U Havnt Met d Person Reading This Msg* MORAL: Even GOD Can Crack Jokes! GM+GN+GE+GN:)"
spam,Great NEW Offer - DOUBLE Mins & DOUBLE Txt on best Orange tariffs AND get latest camera phones 4 FREE! Call MobileUpd8 free on 08000839402 NOW! or 2stoptxt T&Cs
spam,URGENT! Your Mobile number has been awarded with a å£2000 prize GUARANTEED. Call 09061790121 from land line. Claim 3030. Valid 12hrs only 150ppm
ham,"Machan you go to gym tomorrow,  i wil come late goodnight."
ham,Nt yet chikku..simple habba..hw abt u?
ham,No need for the drug anymore.
ham,Oh and by the way you do have more food in your fridge! Want to go out for a meal tonight? 
ham,Watch lor. I saw a few swatch one i thk quite ok. Ard 116 but i need 2nd opinion leh...
ham,"Aight I'll grab something to eat too, text me when you're back at mu"
ham,did u get that message
ham,"Dear,regret i cudnt pick call.drove down frm ctla now at cochin home.left mobile in car..ente style ishtamayoo?happy bakrid!"
ham,U still going to the mall?
ham,Have a good evening! Ttyl
ham,Yo sorry was in the shower sup
ham,I not at home now lei...
ham,Great. Never been better. Each day gives even more reasons to thank God
ham,Nice.nice.how is it working?
ham,\Keep ur problems in ur heart
ham,But you were together so you should be thinkin about him
ham,"Save yourself the stress. If the person has a dorm account, just send your account details and the money will be sent to you."
ham,Can you pls send me that company name. In saibaba colany
spam,"FREE GAME. Get Rayman Golf 4 FREE from the O2 Games Arcade. 1st get UR games settings. Reply POST, then save & activ8. Press 0 key for Arcade. Termsapply"
ham,Shall I bring us a bottle of wine to keep us amused? Only joking! IÛ÷ll bring one anyway
ham,They did't play one day last year know even though they have very good team.. Like india.
ham,Hi:)cts employee how are you?
ham,He dint tell anything. He is angry on me that why you told to abi.
spam,FREE for 1st week! No1 Nokia tone 4 ur mob every week just txt NOKIA to 8007 Get txting and tell ur mates www.getzed.co.uk POBox 36504 W45WQ norm150p/tone 16+
ham,It is only yesterday true true.
ham,We have all rounder:)so not required:)
ham,"Maybe westshore or hyde park village, the place near my house?"
ham,Aft i finish my lunch then i go str down lor. Ard 3 smth lor. U finish ur lunch already?
ham,Ok ill send you with in  &lt;DECIMAL&gt;  ok.
ham,Heehee that was so funny tho
ham,Me sef dey laugh you. Meanwhile how's my darling anjie!
ham,Actually getting ready to leave the house.
ham,And stop being an old man. You get to build snowman snow angels and snowball fights.
ham,What u talking bout early morning? It's almost noon where your at!
spam,money!!! you r a lucky winner ! 2 claim your prize text money 2 88600 over å£1million to give away ! ppt150x3+normal text rate box403 w1t1jy
ham,Allo! We have braved the buses and taken on the trains and triumphed. I mean weÛ÷re in bÛ÷ham. Have a jolly good rest of week
ham,"Fyi I'm taking a quick shower, be at epsilon in like  &lt;#&gt;  min"
ham,LOL what happens in Vegas stays in vegas
ham,Aah! A cuddle would be lush! I'd need lots of tea and soup before any kind of fumbling!
ham,Do you hide anythiing or keeping distance from me
ham,Lol I would but despite these cramps I like being a girl.
spam,"In The Simpsons Movie released in July 2007 name the band that died at the start of the film? A-Green Day, B-Blue Day, C-Red Day. (Send A, B or C)"
ham,Still in customer place
ham,S...from the training manual it show there is no tech process:)its all about password reset and troubleshooting:)
spam,"Oh my god! I've found your number again! I'm so glad, text me back xafter this msgs cst std ntwk chg å£1.50"
spam,"YOUR CHANCE TO BE ON A REALITY FANTASY SHOW call now = 08707509020 Just 20p per min NTT Ltd, PO Box 1327 Croydon CR9 5WB 0870 is a national = rate call"
ham,It has issues right now. Ill fix for her by tomorrow.
ham,Come to medical college at 7pm ......forward it da
ham,Are you not around or just still asleep? :V
ham,Lol no. Just trying to make your day a little more interesting
spam,Free video camera phones with Half Price line rental for 12 mths and 500 cross ntwk mins 100 txts. Call MobileUpd8 08001950382 or Call2OptOut/674&
ham,Hey anyway i have to :-)
ham,Its not that time of the month nor mid of the time?
ham,"Sorry man, accidentally left my phone on silent last night and didn't check it til I got up"
ham,For me the love should start with attraction.i should feel that I need her every time around me.she should be the first thing which comes in my thoughts.I would start the day and end it with her.she should be there every time I dream.love will be then when my every breath has her name.my life should happen around her.my life will be named to her.I would cry for her.will give all my happiness and take all her sorrows.I will be ready to fight with anyone for her.I will be in love when I will be doing the craziest things for her.love will be when I don't have to proove anyone that my girl is the most beautiful lady on the whole planet.I will always be singing praises for her.love will be when I start up making chicken curry and end up makiing sambar.life will be the most beautiful then.will get every morning and thank god for the day because she is with me.I would like to say a lot..will tell later..
ham,HI DARLIN IM MISSIN U HOPE YOU ARE HAVING A GOOD TIME. WHEN ARE U BACK AND WHAT TIME IF U CAN GIVE ME A CALL AT HOME. JESS XX
ham,Baaaaabe! I misss youuuuu ! Where are you ? I have to go and teach my class at 5 ...
ham,Wylie update: my weed dealer carlos went to freedom and had a class with lunsford
ham,"Ups which is 3days also, and the shipping company that takes 2wks. The other way is usps which takes a week but when it gets to lag you may have to bribe nipost to get your stuff."
ham,"I guess you could be as good an excuse as any, lol."
ham,what is your account number?
ham,Ok but knackered. Just came home and went to sleep! Not good at this full time work lark.
ham,Oh ho. Is this the first time u use these type of words
ham,Only 2% students solved this CAT question in 'xam... 5+3+2= &lt;#&gt;  9+2+4= &lt;#&gt;  8+6+3= &lt;#&gt;  then 7+2+5=????? Tell me the answer if u r brilliant...1thing.i got d answr.
ham,She went to attend another two rounds today..but still did't reach home..
spam,You have WON a guaranteed å£1000 cash or a å£2000 prize. To claim yr prize call our customer service representative on 08714712394 between 10am-7pm
ham,"Goodmorning, today i am late for 2hrs. Because of back pain."
ham,"(No promises on when though, haven't even gotten dinner yet)"
ham,"&lt;#&gt; , that's all? Guess that's easy enough"
spam,Double Mins & Double Txt & 1/2 price Linerental on Latest Orange Bluetooth mobiles. Call MobileUpd8 for the very latest offers. 08000839402 or call2optout/LF56
ham,Dai  &lt;#&gt;  naal eruku.
spam,Urgent Ur å£500 guaranteed award is still unclaimed! Call 09066368327 NOW closingdate04/09/02 claimcode M39M51 å£1.50pmmorefrommobile2Bremoved-MobyPOBox734LS27YF
ham,Dunno dat's wat he told me. Ok lor...
spam,"FREE RINGTONE text FIRST to 87131 for a poly or text GET to 87131 for a true tone! Help? 0845 2814032 16 after 1st free, tones are 3xå£150pw to eå£nd txt stop"
ham,Also remember to get dobby's bowl from your car
ham,Cps is causing the outages to conserve energy.
spam,We tried to call you re your reply to our sms for a video mobile 750 mins UNLIMITED TEXT free camcorder Reply or call now 08000930705 Del Thurs
ham,"How are you, my Love ? Are you with your brother ? Time to talk english with him ? *grins* Say : Hey Muhommad, Penny says hello from across the sea"
ham,Bishan lar nearer... No need buy so early cos if buy now i gotta park my car...
ham,Nobody names their penis a girls name this story doesn't add up at all
spam,Sunshine Quiz Wkly Q! Win a top Sony DVD player if u know which country the Algarve is in? Txt ansr to 82277. å£1.50 SP:Tyrone
ham,If u laugh really loud.. If u talk spontaneously.. If u dont care what others feel.. U are probably with your dear &amp; best friends.. GOODEVENING Dear..:)
ham,I am great princess! What are you thinking about me? :)
ham,If I was I wasn't paying attention
ham,No just send to you. Bec you in temple na.
ham,"[Û_] anyway, many good evenings to u! s"
ham,Oi when you gonna ring
ham,Already one guy loving you:-.
ham,You busy or can I come by at some point and figure out what we're doing tomorrow
ham,Babe ! What are you doing ? Where are you ? Who are you talking to ? Do you think of me ? Are you being a good boy? Are you missing me? Do you love me ?
ham,"Dude u knw also telugu..thts gud..k, gud nyt.."
spam,You are a winner U have been specially selected 2 receive å£1000 cash or a 4* holiday (flights inc) speak to a live operator 2 claim 0871277810810
ham,I didn't get the second half of that message
ham,"Kate jackson rec center before 7ish, right?"
ham,Sounds like you have many talents! would you like to go on a dinner date next week?
ham,But your brother transfered only  &lt;#&gt;  +  &lt;#&gt; . Pa.
ham,He says hi and to get your ass back to south tampa (preferably at a kegger)
ham,Asking do u knw them or nt? May be ur frnds or classmates?
ham,Jason says it's cool if we pick some up from his place in like an hour
ham,Many times we lose our best ones bcoz we are 
ham,Well i will watch shrek in 3D!!B)
ham,Hi! You just spoke to MANEESHA V. We'd like to know if you were satisfied with the experience. Reply Toll Free with Yes or No.
ham,Maybe?! Say hi to  and find out if  got his card. Great escape or wetherspoons? 
spam,Dear 0776xxxxxxx U've been invited to XCHAT. This is our final attempt to contact u! Txt CHAT to 86688 150p/MsgrcvdHG/Suite342/2Lands/Row/W1J6HL LDN 18yrs
ham,Who's there say hi to our drugdealer
ham,"Sorry to trouble u again. Can buy 4d for my dad again? 1405, 1680, 1843. All 2 big 1 small, sat n sun. Thanx."
spam,"1000's flirting NOW! Txt GIRL or BLOKE & ur NAME & AGE, eg GIRL ZOE 18 to 8007 to join and get chatting!"
ham,I got to video tape pple type in message lor. U so free wan 2 help me? Hee... Cos i noe u wan 2 watch infernal affairs so ask u along. Asking shuhui oso.
ham,Did either of you have any idea's? Do you know of anyplaces doing something?
ham,"Sorry im getting up now, feel really bad- totally rejected that kinda me thing."
ham,U come n search tat vid..not finishd..
ham,I wnt to buy a BMW car urgently..its vry urgent.but hv a shortage of  &lt;#&gt; Lacs.there is no source to arng dis amt. &lt;#&gt; lacs..thats my prob
ham,"Thanks, I'll keep that in mind"
ham,1. Tension face 2. Smiling face 3. Waste face 4. Innocent face 5.Terror face 6.Cruel face 7.Romantic face 8.Lovable face 9.decent face  &lt;#&gt; .joker face.
ham,So your telling me I coulda been your real Valentine and I wasn't? U never pick me for NOTHING!!
ham,"K give me a sec, breaking a  &lt;#&gt;  at cstore"
ham,I wont get concentration dear you know you are my mind and everything :-)
ham,Yeah you should. I think you can use your gt atm now to register. Not sure but if there's anyway i can help let me know. But when you do be sure you are ready.
ham,Mm you ask him to come its enough :-)
ham,"Tell you what, if you make a little spreadsheet and track whose idea it was to smoke to determine who \smokes too much\"" for the entire month of february"
ham,How u doin baby girl ?? hope u are okay every time I call ure phone is off! I miss u get in touch
spam,Money i have won wining number 946 wot do i do next
ham,"Hey...Great deal...Farm tour 9am to 5pm $95/pax, $50 deposit by 16 May"
spam,Thanks for the Vote. Now sing along with the stars with Karaoke on your mobile. For a FREE link just reply with SING now.
ham,Yup i'm free...
ham,Nvm it's ok...
ham,Its not the same here. Still looking for a job. How much do Ta's earn there.
ham,No let me do the math. Your not good at it.
ham,No drama Pls.i have had enough from you and family while i am struggling in the hot sun in a strange place.No reason why there should be an ego of not going 'IF NOT INVITED' when actually its necessity to go.wait for very serious reppurcussions.
ham,Midnight at the earliest
ham,Sure! I am driving but will reach my destination soon.
ham,"Ya, told..she was asking wats matter?"
ham,"Yep, at derek's house now, see you Sunday &lt;3"
ham,"I'll see if I can swing by in a bit, got some things to take care of here firsg"
ham,I am in a marriage function
spam,PRIVATE! Your 2003 Account Statement for shows 800 un-redeemed S. I. M. points. Call 08719899230 Identifier Code: 41685 Expires 07/11/04
ham,My tuition is at 330. Hm we go for the 1120 to 1205 one? Do you mind?
ham,I want to send something that can sell fast.  &lt;#&gt; k is not easy money.
spam,100 dating service cal;l 09064012103 box334sk38ch
ham,"Did you say bold, then torch later. Or one torch and 2bold?"
ham,Y Ì_ wan to go there? C doctor?
ham,You're right I have now that I think about it
ham,i thought we were doing a king of the hill thing there.
ham,I went to ur hon lab but no one is there.
ham,Went to pay rent. So i had to go to the bank to authorise the payment.
ham,"Oh... Icic... K lor, den meet other day..."
ham,"Sorry, I'll call later"
ham,Have you had a good day? Mine was really busy are you up to much tomorrow night?
ham,That depends. How would you like to be treated? :)
ham,Pls help me tell Ashley that i cant find her number oh
ham,Nationwide auto centre (or something like that) on Newport road. I liked them there
ham,Thank you princess! I want to see your nice juicy booty...
ham,Sen told that he is going to join his uncle finance in cbe
ham,"Call me. I m unable to cal. Lets meet bhaskar, and deep"
ham,First has she gained more than  &lt;#&gt; kg since she took in. Second has she done the blood sugar tests. If she has and its ok and her blood pressure is within normal limits then no worries
ham,"I'll see, but prolly yeah"
ham,Hey u still at the gym?
ham,My friends use to call the same.
ham,"Good good, billy mates all gone. Just been jogging, again! Did enjoy concert?"
ham,Yup... Hey then one day on fri we can ask miwa and jiayin take leave go karaoke 
spam,"Your free ringtone is waiting to be collected. Simply text the password \MIX\"" to 85069 to verify. Get Usher and Britney. FML"
ham,Finally the match heading towards draw as your prediction.
ham,Oic... Then better quickly go bathe n settle down...
ham,I don't run away frm u... I walk slowly &amp; it kills me that u don't care enough to stop me...
ham,I wanted to ask Ì_ to wait 4 me to finish lect. Cos my lect finishes in an hour anyway.
ham,Can. Dunno wat to get 4 her...
ham,What time you thinkin of goin?
ham,Mm have some kanji dont eat anything heavy ok
ham,"wiskey Brandy Rum Gin Beer Vodka Scotch Shampain Wine \KUDI\""yarasu dhina vaazhthukkal. .."""
ham,O. Guess they both got screwd
ham,Tmrw. Im finishing 9 doors
ham,Moji i love you more than words. Have a rich day
spam,"Spook up your mob with a Halloween collection of a logo & pic message plus a free eerie tone, txt CARD SPOOK to 8007 zed 08701417012150p per logo/pic "
ham,How much r Ì_ willing to pay?
ham,Hope you are having a great day.
ham,Yup ok...
ham,"Yun ah.the ubi one say if Ì_ wan call by tomorrow.call 67441233 look for irene.ere only got bus8,22,65,61,66,382. Ubi cres,ubi tech park.6ph for 1st 5wkg days.Ì¬n"
ham,Neva mind it's ok..
ham,"Yo, you gonna still be in stock tomorrow/today? I'm trying to get a dubsack"
ham,"Haha better late than ever, any way I could swing by?"
ham,Hope you are having a good week. Just checking in
ham,Thanks for being there for me just to talk to on saturday. You are very dear to me. I cherish having you as a brother and role model.
spam,For taking part in our mobile survey yesterday! You can now have 500 texts 2 use however you wish. 2 get txts just send TXT to 80160 T&C www.txt43.com 1.50p
ham,"I have 2 sleeping bags, 1 blanket and paper and  phone details. Anything else?"
ham,I love your ass! Do you enjoy doggy style? :)
ham,The whole car appreciated the last two! Dad and are having a map reading semi argument but apart from that things are going ok. P.
ham,I'm doing da intro covers energy trends n pros n cons... Brief description of nuclear fusion n oso brief history of iter n jet got abt 7 n half pages..
ham,"Very strange.  and  are watching the 2nd one now but i'm in bed. Sweet dreams, miss u "
ham,"\GRAN ONLYFOUND OUT AFEW DAYS AGO.CUSOON HONI\"""""
ham,Yo we are watching a movie on netflix
ham,Do you think i can move  &lt;#&gt;  in a week
ham,Raji..pls do me a favour. Pls convey my Birthday wishes to Nimya. Pls. Today is her birthday.
ham,Anytime...
ham,"I didnt get ur full msg..sometext is missing, send it again"
ham,Yes we are chatting too.
spam,Please call Amanda with regard to renewing or upgrading your current T-Mobile handset free of charge. Offer ends today. Tel 0845 021 3680 subject to T's and C's
ham,"Can you pls pls send me a mail on all you know about relatives coming to deliver here? All you know about costs, risks, benefits and anything else. Thanks."
ham,Huh but i cant go 2 ur house empty handed right?
spam,URGENT! Your Mobile number has been awarded with a å£2000 prize GUARANTEED. Call 09061790121 from land line. Claim 3030. Valid 12hrs only 150ppm
ham,"Ok that would b lovely, if u r sure. Think about wot u want to do, drinkin, dancin, eatin, cinema, in, out, about... Up to u! Wot about ? "
ham,Thank You meet you monday
spam,Do you want a New Nokia 3510i colour phone DeliveredTomorrow? With 300 free minutes to any mobile + 100 free texts + Free Camcorder reply or call 08000930705.
ham,Should I have picked up a receipt or something earlier
ham,Watching tv lor...
spam,YOU ARE CHOSEN TO RECEIVE A å£350 AWARD! Pls call claim number 09066364311 to collect your award which you are selected to receive as a valued mobile customer.
ham,With my sis lor... We juz watched italian job.
ham,Ummmmmaah Many many happy returns of d day my dear sweet heart.. HAPPY BIRTHDAY dear
ham,I have lost 10 kilos as of today!
ham,Hi there. We have now moved in2 our pub . Would be great 2 c u if u cud come up.
spam,GSOH? Good with SPAM the ladies?U could b a male gigolo? 2 join the uk's fastest growing mens club reply ONCALL. mjzgroup. 08714342399.2stop reply STOP. msg@å£1.50rcvd
ham,I want to go to perumbavoor
spam,"Hey Boys. Want hot XXX pics sent direct 2 ur phone? Txt PORN to 69855, 24Hrs free and then just 50p per day. To stop text STOPBCM SF WC1N3XX"
ham,Ok..
ham,aathi..where are you dear..
ham,Am in film ill call you later.
ham,"Haha, my legs and neck are killing me and my amigos are hoping to end the night with a burn, think I could swing by in like an hour?"
ham,K.k..how is your sister kids?
ham,Where to get those?
ham,"Oh, my love, it's soooo good to hear from you. Omg I missed you so much today. I'm sorry your having problems with the provider but thank you for tming me"
ham,Stop knowing me so well!
ham,Hello- thanx for taking that call. I got a job! Starts on monday!
ham,Raviyog Peripherals bhayandar east
ham,"Û_ we r stayin here an extra week, back next wed. How did we do in the rugby this weekend? Hi to and and , c u soon \""ham"""
ham,Just got to  &lt;#&gt;
ham,I need details about that online job.
spam,"our mobile number has won å£5000, to claim calls us back or ring the claims hot line on 09050005321."
spam,FreeMsg: Fancy a flirt? Reply DATE now & join the UKs fastest growing mobile dating service. Msgs rcvd just 25p to optout txt stop to 83021. Reply DATE now!
ham,"Okey doke. I'm at home, but not dressed cos laying around ill! Speak to you later bout times and stuff. "
ham,Why didn't u call on your lunch?
ham,Ard 515 like dat. Y?
ham,Why she wants to talk to me
ham,She.s fine. I have had difficulties with her phone. It works with mine. Can you pls send her another friend request.
ham,Unni thank you dear for the recharge..Rakhesh
ham,"Once a fishrman woke early in d mrng. It was very dark. He waited a while &amp; found a sack ful of stones. He strtd throwin thm in2 d sea 2 pass time. Atlast he had jus 1stone, sun rose up &amp; he found out tht those r nt stones, those were diamonds. Moral:\Dont wake up early in d mrng'' GOOD night"""
ham,twenty past five he said will this train have been to durham already or not coz i am in a reserved seat
ham,Why must we sit around and wait for summer days to celebrate. Such a magical sight when the worlds dressed in white. Oooooh let there be snow.
ham,Now get step 2 outta the way. Congrats again.
spam,"Thanks for your ringtone order, ref number R836. Your mobile will be charged å£4.50. Should your tone not arrive please call customer services on 09065069154"
ham,"Nope. Since ayo travelled, he has forgotten his guy"
ham,Howz that persons story
ham,Happy new year. Hope you are having a good semester
ham,Can... I'm free...
spam,Are you unique enough? Find out from 30th August. www.areyouunique.co.uk
ham,"Cool, I'll text you in a few"
ham,Oh k.i think most of wi and nz players unsold.
ham,K... Must book a not huh? so going for yoga basic on sunday?
ham,Jay's getting really impatient and belligerent
ham,Our Prasanth ettans mother passed away last night. Just pray for her and family.
ham,Oh ho. Is this the first time u use these type of words
ham,Hey mate. Spoke to the mag people. WeÛ÷re on.  the is deliver by the end of the month. Deliver on the 24th sept. Talk later. 
ham,Hi happy birthday. Hi hi hi hi hi hi hi
ham,Ok. C u then.
ham,No. It's not pride. I'm almost  &lt;#&gt;  years old and shouldn't be takin money from my kid. You're not supposed to have to deal with this stuff. This is grownup stuff--why i don't tell you.
ham,Pls clarify back if an open return ticket that i have can be preponed for me to go back to kerala.
spam,"Welcome to Select, an O2 service with added benefits. You can now call our specially trained advisors FREE from your mobile by dialling 402."
ham,Friends that u can stay on fb chat with
ham,Yar he quite clever but aft many guesses lor. He got ask me 2 bring but i thk darren not so willing 2 go. Aiya they thk leona still not attach wat.
spam,URGENT! Your Mobile number has been awarded a <UKP>2000 prize GUARANTEED. Call 09061790125 from landline. Claim 3030. Valid 12hrs only 150ppm
ham,"Well, i'm gonna finish my bath now. Have a good...fine night."
ham,"Sorry I flaked last night, shit's seriously goin down with my roommate, what you up to tonight?"
ham,K..then come wenever u lik to come and also tel vikky to come by getting free time..:-)
spam,Ur cash-balance is currently 500 pounds - to maximize ur cash-in now send CASH to 86688 only 150p/msg. CC: 08718720201 PO BOX 114/14 TCR/W1
ham,Wow v v impressed. Have funs shopping!
ham,Erm. I thought the contract ran out the4th of october.
ham,Yes. I come to nyc for audiitions and am trying to relocate.
ham,Good morning princess! How are you?
ham,"Sorry about earlier. Putting out fires.Are you around to talk after 9? Or do you actually have a life, lol!"
ham,"HI HUN! IM NOT COMIN 2NITE-TELL EVERY1 IM SORRY 4 ME, HOPE U AVA GOODTIME!OLI RANG MELNITE IFINK IT MITE B SORTED,BUT IL EXPLAIN EVERYTHIN ON MON.L8RS.x"
spam,+449071512431 URGENT! This is the 2nd attempt to contact U!U have WON å£1250 CALL 09071512433 b4 050703 T&CsBCM4235WC1N3XX. callcost 150ppm mobilesvary. maxå£7. 50
ham,Do we have any spare power supplies
ham,Hey sathya till now we dint meet not even a single time then how can i saw the situation sathya.
ham,K. Did you call me just now ah? 
ham,Haha... dont be angry with yourself... Take it as a practice for the real thing. =) 
spam,Natalie (20/F) is inviting you to be her friend. Reply YES-165 or NO-165 See her: www.SMS.ac/u/natalie2k9 STOP? Send STOP FRND to 62468
ham,Tell them no need to investigate about me anywhere.
ham,"Aight, tomorrow around  &lt;#&gt;  it is"
ham,Feel Yourself That You Are Always Happy.. Slowly It Becomes Your Habit &amp; Finally It Becomes Part Of Your Life.. Follow It.. Happy Morning &amp; Have A Happy Day:)
ham,:-( that's not v romantic!
ham,Wat u doing there?
ham,ÌÏ mean it's confirmed... I tot they juz say oni... Ok then... 
ham,I'm home.
ham,"After my work ah... Den 6 plus lor... U workin oso rite... Den go orchard lor, no other place to go liao..."
ham,Ugh I don't wanna get out of bed. It's so warm.
ham,"Greetings me, ! Consider yourself excused."
ham,"Can meh? Thgt some will clash... Really ah, i dun mind... I dun seen to have lost any weight... Gee..."
ham,"You at mu? You should try to figure out how much money everyone has for gas and alcohol, jay and I are trying to figure out our weed budget"
ham,Hi my email address has changed now it is 
spam,CALL 09090900040 & LISTEN TO EXTREME DIRTY LIVE CHAT GOING ON IN THE OFFICE RIGHT NOW TOTAL PRIVACY NO ONE KNOWS YOUR [sic] LISTENING 60P MIN 24/7MP 0870753331018+
ham,"Sorry, I'll call later"
ham,Well obviously not because all the people in my cool college life went home ;_;
ham,aathi..where are you dear..
ham,"Piggy, r u awake? I bet u're still sleeping. I'm going 4 lunch now..."
ham,Prabha..i'm soryda..realy..frm heart i'm sory
ham,His bday real is in april .
ham,"Remember all those whom i hurt during days of satanic imposter in me.need to pay a price,so be it.may destiny keep me going and as u said pray that i get the mind to get over the same."
ham,7 lor... Change 2 suntec... Wat time u coming?
ham,"Hello, my love. What are you doing? Did you get to that interview today? Are you you happy? Are you being a good boy? Do you think of me?Are you missing me ?"
spam,Adult 18 Content Your video will be with you shortly
ham,Hey what how about your project. Started aha da.
spam,8007 25p 4 Alfie Moon's Children in Need song on ur mob. Tell ur m8s. Txt TONE CHARITY to 8007 for nokias or POLY CHARITY for polys :zed 08701417012 profit 2 charity 
ham,Mark works tomorrow. He gets out at 5. His work is by your house so he can meet u afterwards.
ham,"Sorry that took so long, omw now"
ham,No dear i was sleeping :-P
ham,Are you planning to come chennai?
ham,It will stop on itself. I however suggest she stays with someone that will be able to give ors for every stool.
ham,"Haha yeah, 2 oz is kind of a shitload"
ham,Ok i msg u b4 i leave my house.
ham,"House-Maid is the murderer, coz the man was murdered on  &lt;#&gt; th January.. As public holiday all govt.instituitions are closed,including post office..understand?"
spam,"Someone has contacted our dating service and entered your phone becausethey fancy you! To find out who it is call from a landline 09058098002. PoBox1, W14RG 150p"
spam,As a Registered Subscriber yr draw 4 a å£100 gift voucher will b entered on receipt of a correct ans. When are the next olympics. Txt ans to 80062
ham,"4 tacos + 1 rajas burrito, right?"
ham,Got meh... When?
ham,Annoying isn't it.
ham,U too...
ham,Miserable. They don't tell u that the side effects of birth control are massive gut wrenching cramps for the first 2 months. I didn't sleep at all last night.
ham,Great! I shoot big loads so get ready!
spam,XCLUSIVE@CLUBSAISAI 2MOROW 28/5 SOIREE SPECIALE ZOUK WITH NICHOLS FROM PARIS.FREE ROSES 2 ALL LADIES !!! info: 07946746291/07880867867 
ham,Thanx but my birthday is over already.
ham,Hello. They are going to the village pub at 8 so either come here or there accordingly. Ok?
ham,"Princess, is your kitty shaved or natural?"
ham,You're not sure that I'm not trying to make xavier smoke because I don't want to smoke after being told I smoke too much?
ham,Nite nite pocay wocay luv u more than n e thing 4eva I promise ring u 2morrowxxxx
ham,"Thanks da thangam, i feel very very happy dear. I also miss you da."
ham,Umma. Did she say anything
ham,Want to send me a virtual hug?... I need one
ham,Wat Ì_ doing now?
ham,How have your little darlings been so far this week? Need a coffee run tomo?Can't believe it's that time of week already Û_
ham,IM LATE TELLMISS IM ON MY WAY
ham,Are your freezing ? Are you home yet ? Will you remember to kiss your mom in the morning? Do you love me ? Do you think of me ? Are you missing me yet ?
ham,I'm coming back on Thursday. Yay. Is it gonna be ok to get the money. Cheers. Oh yeah and how are you. Everything alright. Hows school. Or do you call it work now
ham,Am going to take bath ill place the key in window:-)
ham,"\Aww you must be nearly dead!Well Jez isComing over toDo some workAnd that whillTake forever!\"""""
ham,oh ya... Got hip hop open. Haha i was thinking can go for jazz then zoom to cine... Actually tonight i'm free leh... And there's a kb lesson tonight
spam,"Double Mins & 1000 txts on Orange tariffs. Latest Motorola, SonyEricsson & Nokia with Bluetooth FREE! Call MobileUpd8 on 08000839402 or call2optout/HF8"
ham,"Al he does is moan at me if n e thin goes wrong its my fault&al de arguments r my fault&fed up of him of himso y bother? Hav 2go, thanx.xx"
ham,Yes :)it completely in out of form:)clark also utter waste.
spam,You have 1 new voicemail. Please call 08719181503
ham,"Sorry light turned green, I meant another friend wanted  &lt;#&gt;  worth but he may not be around"
ham,Yup i thk cine is better cos no need 2 go down 2 plaza mah.
ham,Hhahhaahahah rofl wtf nig was leonardo in your room or something
spam,URGENT! We are trying to contact you. Last weekends draw shows that you have won a å£900 prize GUARANTEED. Call 09061701851. Claim code K61. Valid 12hours only
ham,Wat time do u wan 2 meet me later?
ham,Yes its possible but dint try. Pls dont tell to any one k
ham,Wah lucky man... Then can save money... Hee...
ham,Take something for pain. If it moves however to any side in the next 6hrs see a doctor.
ham,Got it. Seventeen pounds for seven hundred ml ÛÒ hope ok.
ham,Howz pain?hope u r fine..
spam,CLAIRE here am havin borin time & am now alone U wanna cum over 2nite? Chat now 09099725823 hope 2 C U Luv CLAIRE xx Callså£1/minmoremobsEMSPOBox45PO139WA
ham,"What will we do in the shower, baby?"
ham,You are not bothering me but you have to trust my answers. Pls.
spam,Call from 08702490080 - tells u 2 call 09066358152 to claim å£5000 prize. U have 2 enter all ur mobile & personal details @ the prompts. Careful!
spam,TheMob>Yo yo yo-Here comes a new selection of hot downloads for our members to get for FREE! Just click & open the next link sent to ur fone...
spam,Ur HMV Quiz cash-balance is currently å£500 - to maximize ur cash-in now send HMV1 to 86688 only 150p/msg
ham,You should know now. So how's anthony. Are you bringing money. I've school fees to pay and rent and stuff like that. Thats why i need your help. A friend in need....|
ham,"The guy (kadeem) hasn't been selling since the break, I know one other guy but he's paranoid as fuck and doesn't like selling without me there and I can't be up there til late tonight"
ham,Gd luck 4 ur exams :-)
ham,Yeah jay's sort of a fucking retard
ham,Call me when you get the chance plz &lt;3
ham,"Yep, the great loxahatchee xmas tree burning of  &lt;#&gt;  starts in an hour"
ham,"Well, I was about to give up cos they all said no they didnÛ÷t do one nighters. I persevered and found one but it is very cheap so i apologise in advance. It is just somewhere to sleep isnt it?"
ham,I've been barred from all B and Q stores for life!?This twat in orange dungerees came up to me and asked if I wanted decking? So I got the first punch in!!
ham,Your dad is back in ph?
ham,K.i will send in  &lt;#&gt;  min:)
ham,"Hello, As per request from  &lt;#&gt;  Rs.5 has been transfered to you"
spam,No. 1 Nokia Tone 4 ur mob every week! Just txt NOK to 87021. 1st Tone FREE ! so get txtin now and tell ur friends. 150p/tone. 16 reply HL 4info
ham,Gud mrng dear have a nice day
ham,I think the other two still need to get cash but we can def be ready by 9
ham,Just glad to be talking to you.
ham,Yes I know the cheesy songs from frosty the snowman :)
spam,URGENT! We are trying to contact U. Todays draw shows that you have won a å£800 prize GUARANTEED. Call 09050001808 from land line. Claim M95. Valid12hrs only
ham,I knew it... U slept v late yest? Wake up so late...
ham,Send me your resume:-)
spam,Don't b floppy... b snappy & happy! Only gay chat service with photo upload call 08718730666 (10p/min). 2 stop our texts call 08712460324
ham,Then we wait 4 u lor... No need 2 feel bad lar...
ham,Yeah sure I'll leave in a min
spam,"URGENT! Your mobile No *********** WON a å£2,000 Bonus Caller Prize on 02/06/03! This is the 2nd attempt to reach YOU! Call 09066362220 ASAP! BOX97N7QP, 150ppm"
ham,"Haven't found a way to get another app for your phone, eh ? Will you go to the net cafe ? Did you take that job? Geeee I need you babe. I crave to see you ..."
spam,RT-KIng Pro Video Club>> Need help? info@ringtoneking.co.uk or call 08701237397 You must be 16+ Club credits redeemable at www.ringtoneking.co.uk! Enjoy!
ham,Really do hope the work doesnt get stressful. Have a gr8 day.
ham,Oh just getting even with u.... u?
spam,More people are dogging in your area now. Call 09090204448 and join like minded guys. Why not arrange 1 yourself. There's 1 this evening. Aå£1.50 minAPN LS278BB
ham,No b4 Thursday
ham,"Doing nothing, then u not having dinner w us?"
ham,Are you wet right now?
ham,Your right! I'll make the appointment right now.
ham,"Finally it has happened..! Aftr decades..! BEER is now cheaper than PETROL! The goverment expects us to \DRINK\"". . . But don't \""DRIVE \"""""
ham,Jus finish watching tv... U?
ham,Nvm take ur time.
ham,"Haha awesome, be there in a minute"
ham,Once free call me sir. I am waiting for you.
ham,Please tell me you have some of that special stock you were talking about
ham,It's Ì© only $140 ard...Ìä rest all ard $180 at least...Which is Ì© price 4 Ì© 2 bedrm ($900)
ham,";-( oh well, c u later"
ham,I wont do anything de.
ham,"Babe, I'm answering you, can't you see me ? Maybe you'd better reboot YM ... I got the photo ... It's great !"
ham,Detroit. The home of snow. Enjoy it.
spam,"Urgent! call 09066350750 from your landline. Your complimentary 4* Ibiza Holiday or 10,000 cash await collection SAE T&Cs PO BOX 434 SK3 8WP 150 ppm 18+ "
ham,&lt;#&gt;  am I think? Should say on syllabus
ham,"U need my presnts always bcz U cant mis love. \jeevithathile irulinae neekunna prakasamanu sneham\"" prakasam ennal prabha 'That mns prabha is'LOVE' Got it. Dont mis me...."""
spam,"Your account has been credited with 500 FREE Text Messages. To activate, just txt the word: CREDIT to No: 80488 T&Cs www.80488.biz"
ham,No..but heard abt tat..
ham,Ok which your another number
ham,I've been searching for the right words to thank you for this breather. I promise i wont take your help for granted and will fulfil my promise. You have been wonderful and a blessing at all times.
ham,What does the dance river do?
ham,"Depends on quality. If you want the type i sent boye, faded glory, then about 6. If you want ralphs maybe 2"
ham,Not a lot has happened here. Feels very quiet. Beth is at her aunts and charlie is working lots. Just me and helen in at the mo. How have you been? 
ham,"Helloooo... Wake up..! \Sweet\"" \""morning\"" \""welcomes\"" \""You\"" \""Enjoy\"" \""This Day\"" \""with full of joy\"".. \""GUD MRNG\""."""
ham,I'm thinking that chennai forgot to come for auction..
ham,Really dun bluff me leh... U sleep early too. Nite...
ham,How come u got nothing to do?
ham,Ill be at yours in about 3 mins but look out for me
ham,Ok lor...
ham,Tell them the drug dealer's getting impatient
spam,You have won a Nokia 7250i. This is what you get when you win our FREE auction. To take part send Nokia to 86021 now. HG/Suite342/2Lands Row/W1JHL 16+ 
ham,Where are you ? You said you would be here when I woke ... :-(
ham,Then Ì_ wait 4 me at bus stop aft ur lect lar. If i dun c Ì_ then i go get my car then come back n pick Ì_.
spam,"To review and KEEP the fantastic Nokia N-Gage game deck with Club Nokia, go 2 www.cnupdates.com/newsletter. unsubscribe from alerts reply with the word OUT"
ham,Ok thanx...
ham,We can make a baby in yo tho
ham,Nope. I just forgot. Will show next week
ham,Ok i am on the way to home hi hi
ham,Forgot to tell Ì_ smth.. Can Ì_ like number the sections so that it's clearer..
ham,"I shall book chez jules for half eight, if that's ok with you?"
ham,You're gonna have to be way more specific than that
ham,U should make a fb list
ham,"Better than bb. If he wont use it, his wife will or them doctor"
ham,Lol yeah at this point I guess not
ham,Full heat pa:-) i have applyed oil pa.
spam,INTERFLORA - åÒIt's not too late to order Interflora flowers for christmas call 0800 505060 to place your order before Midnight tomorrow.
spam,"Will u meet ur dream partner soon? Is ur career off 2 a flyng start? 2 find out free, txt HORO followed by ur star sign, e. g. HORO ARIES"
spam,"Download as many ringtones as u like no restrictions, 1000s 2 choose. U can even send 2 yr buddys. Txt Sir to 80082 å£3 "
spam,YOU ARE CHOSEN TO RECEIVE A å£350 AWARD! Pls call claim number 09066364311 to collect your award which you are selected to receive as a valued mobile customer.
ham,K still are you loving me.
ham,But I'm on a diet. And I ate 1 too many slices of pizza yesterday. Ugh I'm ALWAYS on a diet.
ham,"Nothing. I meant that once the money enters your account here, the bank will remove its flat rate. Someone transfered  &lt;#&gt;  to my account and  &lt;#&gt; dollars got removed. So the banks differ and charges also differ.be sure you trust the 9ja person you are sending account details to cos..."
ham,You available now? I'm like right around hillsborough &amp;  &lt;#&gt; th
ham,Can Ì_ send me a copy of da report?
ham,K do I need a login or anything
ham,"Lol you forgot it eh ? Yes, I'll bring it in babe"
ham,"Ya tel, wats ur problem.."
ham,This girl does not stay in bed. This girl doesn't need recovery time. Id rather pass out while having fun then be cooped up in bed
spam,No. 1 Nokia Tone 4 ur mob every week! Just txt NOK to 87021. 1st Tone FREE ! so get txtin now and tell ur friends. 150p/tone. 16 reply HL 4info
ham,"Received, understood n acted upon!"
ham,Its like that hotel dusk game i think. You solve puzzles in a area thing
spam,Buy Space Invaders 4 a chance 2 win orig Arcade Game console. Press 0 for Games Arcade (std WAP charge) See o2.co.uk/games 4 Terms + settings. No purchase
ham,"Got hella gas money, want to go on a grand nature adventure with galileo in a little bit?"
ham,I got lousy sleep. I kept waking up every 2 hours to see if my cat wanted to come in. I worry about him when its cold :(
ham,If you still havent collected the dough pls let me know so i can go to the place i sent it to get the control number
ham,"Damn, can you make it tonight or do you want to just wait til tomorrow"
spam,Double your mins & txts on Orange or 1/2 price linerental - Motorola and SonyEricsson with B/Tooth FREE-Nokia FREE Call MobileUpd8 on 08000839402 or2optout/HV9D
ham,I wish that I was with you. Holding you tightly. Making you see how important you are. How much you mean to me ... How much I need you ... In my life ...
ham,U GOIN OUT 2NITE?
ham,"Jolly good! By the way,  will give u tickets for sat eve 7.30. Speak before then x"
ham,I can't describe how lucky you are that I'm actually awake by noon
ham,I think i am disturbing her da
ham,Can not use foreign stamps in this country. Good lecture .
ham,Ok i wont call or disturb any one. I know all are avoiding me. I am a burden for all
ham,How are you babes. Hope your doing ok. I had a shit nights sleep. I fell asleep at 5.IåÕm knackered and iåÕm dreading work tonight. What are thou upto tonight. X
ham,She's borderline but yeah whatever.
ham,"The world is running and i am still.maybe all are feeling the same,so be it.or i have to admit,i am mad.then where is the correction?or let me call this is life.and keep running with the world,may be u r also running.lets run."
ham,"Good morning, my boytoy! How's those yummy lips ? Where's my sexy buns now ? What do you do ? Do you think of me ? Do you crave me ? Do you need me ?"
ham,Great! How is the office today?
ham,Enjoy urself tmr...
ham,Then i buy.
ham,Nope. Meanwhile she talk say make i greet you.
ham,I keep ten rs in my shelf:) buy two egg.
ham,How abt making some of the pics bigger?
ham,Yes. Please leave at  &lt;#&gt; . So that at  &lt;#&gt;  we can leave
ham,Eatin my lunch...
spam,We tried to contact you re your reply to our offer of 750 mins 150 textand a new video phone call 08002988890 now or reply for free delivery tomorrow
spam,You have 1 new message. Please call 08718738034.
ham,"Dont worry, 1 day very big lambu ji vl come..til then enjoy batchlor party:-)"
spam,"Customer service announcement. We recently tried to make a delivery to you but were unable to do so, please call 07099833605 to re-schedule. Ref:9280114"
ham,Mmmm ... Fuck ... Not fair ! You know my weaknesses ! *grins* *pushes you to your knee's* *exposes my belly and pulls your head to it* Don't forget ... I know yours too *wicked smile*
ham,"Faith makes things possible,Hope makes things work,Love makes things beautiful,May you have all three this Christmas!Merry Christmas!"
ham,"Honey ? Sweetheart ? Darling ? Sexy buns ? Sugar plum ? Loverboy ? I miss you, boytoy ... *smacks your ass* Did you go to the gym too ?"
ham,O was not into fps then.
ham,Happy new year to u too!
spam,Please call our customer service representative on 0800 169 6031 between 10am-9pm as you have WON a guaranteed å£1000 cash or å£5000 prize!
ham,As per your request 'Melle Melle (Oru Minnaminunginte Nurungu Vettam)' has been set as your callertune for all Callers. Press *9 to copy your friends Callertune
ham,Er mw im filled tuth is aight
ham,Its ok..come to my home it vl nice to meet and v can chat..
ham,Okay. I've seen it. So i should pick it on friday?
spam,You can donate å£2.50 to UNICEF's Asian Tsunami disaster support fund by texting DONATE to 864233. å£2.50 will be added to your next bill
ham,I think i've fixed it can you send a test message?
ham,The world's most happiest frnds never have the same characters... Dey just have the best understanding of their differences...
ham,So u wan 2 come for our dinner tonight a not?
ham,If you're not in my car in an hour and a half I'm going apeshit
ham,Lol yes. Our friendship is hanging on a thread cause u won't buy stuff.
ham,Ard 530 like dat lor. We juz meet in mrt station then Ì_ dun haf to come out.
ham,Haha... can... But i'm having dinner with my cousin...
ham,Its hard to believe things like this. All can say lie but think twice before saying anything to me.
ham,"Solve d Case : A Man Was Found Murdered On  &lt;DECIMAL&gt; . &lt;#&gt;  AfterNoon. 1,His wife called Police. 2,Police questioned everyone. 3,Wife: Sir,I was sleeping, when the murder took place. 4.Cook: I was cooking. 5.Gardener: I was picking vegetables. 6.House-Maid: I went 2 d post office. 7.Children: We went 2 play. 8.Neighbour: We went 2 a marriage. Police arrested d murderer Immediately. Who's It? Reply With Reason, If U r Brilliant."
ham,"Geeeee ... Your internet is really bad today, eh ?"
ham,"Ela kano.,il download, come wen ur free.."
ham,Gudnite....tc...practice going on
ham,You stayin out of trouble stranger!!saw Dave the other day heåÕs sorted now!still with me bloke when u gona get a girl MR!ur mum still Thinks we will get 2GETHA! 
ham,Your daily text from me ÛÒ a favour this time
spam,"URGENT! Last weekend's draw shows that you have won å£1000 cash or a Spanish holiday! CALL NOW 09050000332 to claim. T&C: RSTM, SW7 3SS. 150ppm"
ham,Smile in Pleasure Smile in Pain Smile when trouble pours like Rain Smile when sum1 Hurts U Smile becoz SOMEONE still Loves to see u Smiling!!
ham,Ok... Then r we meeting later?
ham,"Say this slowly.? GOD,I LOVE YOU &amp; I NEED YOU,CLEAN MY HEART WITH YOUR BLOOD.Send this to Ten special people &amp; u c miracle tomorrow, do it,pls,pls do it..."
ham,Sorry for the delay. Yes masters
ham,Anyway holla at me whenever you're around because I need an excuse to go creep on people in sarasota
ham,"Are you being good, baby? :)"
ham,Did he just say somebody is named tampa
ham,Ok... Thanx... Gd nite 2 Ì_ too...
ham,"Awesome, I'll see you in a bit"
spam,74355 XMAS iscoming & ur awarded either å£500 CD gift vouchers & free entry 2 r å£100 weekly draw txt MUSIC to 87066 TnC
spam,07732584351 - Rodger Burns - MSG = We tried to call you re your reply to our sms for a free nokia mobile + free camcorder. Please call now 08000930705 for delivery tomorrow
ham,1 in cbe. 2 in chennai.
ham,Ok then u tell me wat time u coming later lor.
ham,Love you aathi..love u lot..
ham,Yep. I do like the pink furniture tho.
ham,Thanx 4 sending me home...
ham,Dare i ask... Any luck with sorting out the car?
ham,"Yo, call me when you get the chance, a friend of mine wanted me to ask you about a big order"
ham,She.s good. She was wondering if you wont say hi but she.s smiling now. So how are you coping with the long distance
spam,"If you don't, your prize will go to another customer. T&C at www.t-c.biz 18+ 150p/min Polo Ltd Suite 373 London W1J 6HL Please call back if busy "
ham,There is no sense in my foot and penis.
ham,"I need an 8th but I'm off campus atm, could I pick up in an hour or two?"
ham,"Cant believe i said so many things to you this morning when all i really wanted to say was good morning, i love you! Have a beautiful morning. See you in the library later."
ham,Old Orchard near univ. How about you?
ham,In fact when do you leave? I think addie goes back to school tues or wed
ham,Im done. Just studyn in library
ham,That's necessarily respectful
ham,Quite late lar... Ard 12 anyway i wun b drivin...
ham,I'm stuck in da middle of da row on da right hand side of da lt... 
ham,I have to take exam with march 3
ham,Thank u!
ham,We not leaving yet. Ok lor then we go elsewhere n eat. U thk...
ham,Dai what this da.. Can i send my resume to this id.
ham,Anything lor. Juz both of us lor.
ham,Sac will score big hundred.he is set batsman:-)
ham,"TODAY is Sorry day.! If ever i was angry with you, if ever i misbehaved or hurt you? plz plz JUST SLAP URSELF Bcoz, Its ur fault, I'm basically GOOD"
ham,I am in escape theatre now. . Going to watch KAVALAN in a few minutes
ham,Are you this much buzy
ham,"K, want us to come by now?"
ham,How come guoyang go n tell her? Then u told her?
ham,That is wondar full flim.
ham,I thk 50 shd be ok he said plus minus 10.. Did Ì_ leave a line in between paragraphs?
ham,"Edison has rightly said, \A fool can ask more questions than a wise man can answer\"" Now you know why all of us are speechless during ViVa.. GM"
ham,New car and house for my parents.:)i have only new job in hand:)
ham,"Honeybee Said: *I'm d Sweetest in d World* God Laughed &amp; Said: *Wait,U Havnt Met d Person Reading This Msg* MORAL: Even GOD Can Crack Jokes! GM+GN+GE+GN:)"
ham,Great. I was getting worried about you. Just know that a wonderful and caring person like you will have only the best in life. Know that u r wonderful and God's love is yours.
ham,Is avatar supposed to have subtoitles
ham,This is all just creepy and crazy to me.
ham,My darling sister. How are you doing. When's school resuming. Is there a minimum wait period before you reapply? Do take care
spam,FreeMsg:Feelin kinda lnly hope u like 2 keep me company! Jst got a cam moby wanna c my pic?Txt or reply DATE to 82242 Msg150p 2rcv Hlp 08712317606 stop to 82242
ham,Lol I have to take it. member how I said my aunt flow didn't visit for 6 months? It's cause I developed ovarian cysts. Bc is the only way to shrink them.
ham,yeah sure thing mate haunt got all my stuff sorted but im going sound anyway promoting hex for .by the way who is this? dont know number. Joke
ham,"Aight, can you text me the address?"
ham,K and you're sure I don't have to have consent forms to do it :V
ham,Sorry de i went to shop.
ham,Hey happy birthday...
ham,"Good afternon, my love. How are today? I hope your good and maybe have some interviews. I wake and miss you babe. A passionate kiss from across the sea"
ham,Oh sorry please its over
ham,"She said,'' do u mind if I go into the bedroom for a minute ? '' ''OK'', I sed in a sexy mood. She came out 5 minuts latr wid a cake...n My Wife,"
ham,"She said,'' do u mind if I go into the bedroom for a minute ? '' ''OK'', I sed in a sexy mood. She came out 5 minuts latr wid a cake...n My Wife,"
ham,I'm not sure if its still available though
spam,"Someone U know has asked our dating service 2 contact you! Cant Guess who? CALL 09058097189 NOW all will be revealed. POBox 6, LS15HB 150p "
ham,"Awesome, be there in a minute"
ham,Ok i thk i got it. Then u wan me 2 come now or wat?
ham,Sitting in mu waiting for everyone to get out of my suite so I can take a shower
ham,Nope... Think i will go for it on monday... Sorry i replied so late
ham,Good. No swimsuit allowed :)
ham,"Hi the way I was with u 2day, is the normal way&this is the real me. UR unique&I hope I know u 4 the rest of mylife. Hope u find wot was lost."
spam,Do you want a new video handset? 750 anytime any network mins? Half Price Line Rental? Camcorder? Reply or call 08000930705 for delivery tomorrow
ham,I not busy juz dun wan 2 go so early.. Hee.. 
spam,"Dear Voucher Holder, To claim this weeks offer, at you PC please go to http://www.e-tlp.co.uk/expressoffer Ts&Cs apply. To stop texts, txt STOP to 80062"
ham,We are supposed to meet to discuss abt our trip... Thought xuhui told you? In the afternoon. Thought we can go for lesson after that
ham,Are there TA jobs available? Let me know please cos i really need to start working
ham,Still chance there. If you search hard you will get it..let have a try :)
ham,Beerage?
ham,Was the farm open?
ham,Where @
ham,"Well, I meant as opposed to my drunken night of before"
ham,hiya hows it going in sunny africa? hope u r avin a good time. give that big old silver back a big kiss from me.
ham,K.k.how is your business now?
ham,When did dad get back.
ham,Lmao!nice 1
ham,1Apple/Day=No Doctor. 1Tulsi Leaf/Day=No Cancer. 1Lemon/Day=No Fat. 1Cup Milk/day=No Bone Problms 3 Litres Watr/Day=No Diseases Snd ths 2 Whom U Care..:-)
ham,"There're some people by mu, I'm at the table by lambda"
ham,"All done, all handed in. Don't know if mega shop in asda counts as celebration but thats what i'm doing!"
ham,I miss you so much I'm so desparate I have recorded the message you left for me the other day and listen to it just to hear the sound of your voice. I love you
ham,Ok... Sweet dreams...
spam,"URGENT!! Your 4* Costa Del Sol Holiday or å£5000 await collection. Call 09050090044 Now toClaim. SAE, TC s, POBox334, Stockport, SK38xh, Costå£1.50/pm, Max10mins"
ham,"Cool, text me when you're parked"
ham,Ok lor.
ham,"aight we can pick some up, you open before tonight?"
ham,"ItÛ÷s reassuring, in this crazy world."
ham,U don't know how stubborn I am. I didn't even want to go to the hospital. I kept telling Mark I'm not a weak sucker. Hospitals are for weak suckers.
ham,Finish already... Yar they keep saying i mushy... I so embarrassed ok...
ham,Only if you promise your getting out as SOON as you can. And you'll text me in the morning to let me know you made it in ok.
ham,It certainly puts things into perspective when something like this happens
ham,Pass dis to all ur contacts n see wat u get! Red;i'm in luv wid u. Blue;u put a smile on my face. Purple;u r realy hot. Pink;u r so swt. Orange;i thnk i lyk u. Green;i realy wana go out wid u. Yelow;i wnt u bck. Black;i'm jealous of u. Brown;i miss you Nw plz giv me one color
ham,"I'm there and I can see you, but you can't see me ? Maybe you should reboot ym ? I seen the buzz"
ham,Prepare to be pounded every night...
spam,"I want some cock! My hubby's away, I need a real man 2 satisfy me. Txt WIFE to 89938 for no strings action. (Txt STOP 2 end, txt rec å£1.50ea. OTBox 731 LA1 7WS. )"
ham,"\Are you comingdown later?\"""""
ham,Got but got 2 colours lor. One colour is quite light n e other is darker lor. Actually i'm done she's styling my hair now.
spam,HMV BONUS SPECIAL 500 pounds of genuine HMV vouchers to be won. Just answer 4 easy questions. Play Now! Send HMV to 86688 More info:www.100percent-real.com
ham,Are you coming to day for class.
ham,Yup
ham,"Aight, I should be there by 8 at the latest, probably closer to 7. Are jay and tyler down or should we just do two trips?"
ham,Lol no. I just need to cash in my nitros. Hurry come on before I crash out!
ham,Pls send me your address sir.
ham,jay says he'll put in  &lt;#&gt;
ham,I've reached sch already...
ham,And also I've sorta blown him off a couple times recently so id rather not text him out of the blue looking for weed
ham,S:)s.nervous  &lt;#&gt; :)
ham,I am late. I will be there at
ham,"Mah b, I'll pick it up tomorrow"
ham,Hahaha..use your brain dear
ham,Babe ? I lost you ... :-(
ham,Was gr8 to see that message. So when r u leaving? Congrats dear. What school and wat r ur plans.
ham,"Oh right, ok. I'll make sure that i do loads of work during the day!  got a really nasty cough today and is dry n shot so that should really help it!"
ham,Hey mr whats the name of that bill brison book the one about language and words 
ham,Check wid corect speling i.e. Sarcasm
spam,December only! Had your mobile 11mths+? You are entitled to update to the latest colour camera mobile for Free! Call The Mobile Update Co FREE on 08002986906
ham,"its cool but tyler had to take off so we're gonna buy for him and drop it off at his place later tonight. Our total order is a quarter, you got enough?"
ham,Or I guess  &lt;#&gt;  min
ham,"How long has it been since you screamed, princess?"
spam,You are a winner you have been specially selected to receive å£1000 cash or a å£2000 award. Speak to a live operator to claim call 087123002209am-7pm. Cost 10p
ham,Those ducking chinchillas
ham,I dont know ask to my brother. Nothing problem some thing that. Just i told .
ham,U R THE MOST BEAUTIFUL GIRL IVE EVER SEEN. U R MY BABY COME AND C ME IN THE COMMON ROOM
ham,"K, my roommate also wants a dubsack and another friend may also want some so plan on bringing extra, I'll tell you when they know for sure"
ham,Yeah right! I'll bring my tape measure fri!
ham,Yun buying... But school got offer 2000 plus only...
ham,Did u got that persons story
ham,Thanx 4 e brownie it's v nice...
ham,So what did the bank say about the money?
ham,Happy birthday... May u find ur prince charming soon n dun work too hard...
spam,FREE for 1st week! No1 Nokia tone 4 ur mob every week just txt NOKIA to 8007 Get txting and tell ur mates www.getzed.co.uk POBox 36504 W45WQ norm150p/tone 16+
ham,"Do you know why god created gap between your fingers..? So that, One who is made for you comes &amp; fills those gaps by holding your hand with LOVE..!"
ham,Eh ur laptop got no stock lei... He say mon muz come again to take a look c got a not...
ham,Buy one egg for me da..please:)
spam,Ur balance is now å£500. Ur next question is: Who sang 'Uptown Girl' in the 80's ? 2 answer txt ur ANSWER to 83600. Good luck!
ham,G.W.R
ham,And popping &lt;#&gt; ibuprofens was no help.
ham,U coming back 4 dinner rite? Dad ask me so i re confirm wif u...
ham,"Watching cartoon, listening music &amp; at eve had to go temple &amp; church.. What about u?"
ham,This weekend is fine (an excuse not to do too much decorating)
spam,"Get 3 Lions England tone, reply lionm 4 mono or lionp 4 poly. 4 more go 2 www.ringtones.co.uk, the original n best. Tones 3GBP network operator rates apply"
ham,Not to worry. I'm sure you'll get it.
ham,"Did he say how fantastic I am by any chance, or anything need a bigger life lift as losing the will 2 live, do you think I would be the first person 2 die from N V Q? "
ham,Have you got Xmas radio times. If not i will get it now
ham,Never blame a day in ur life. Good days give u happiness. Bad days give u experience. Both are essential in life! All are Gods blessings! good morning.:
ham,Mind blastin.. No more Tsunamis will occur from now on.. Rajnikant stopped swimming in Indian Ocean..:-D
ham,"Fighting with the world is easy, u either win or lose bt fightng with some1 who is close to u is dificult if u lose - u lose if u win - u still lose."
ham,"\Hi its Kate it was lovely to see you tonight and ill phone you tomorrow. I got to sing and a guy gave me his card! xxx\"""""
ham,"\Im at arestaurant eating squid! i will be out about 10:30 wanna dosomething or is that to late?\"""""
ham,Friendship poem: Dear O Dear U R Not Near But I Can Hear Dont Get Fear Live With Cheer No More Tear U R Always my Dear. Gud ni8
ham,Haha i think i did too
ham,My exam is for february 4. Wish you a great day.
ham,"Madam,regret disturbance.might receive a reference check from DLF Premarica.kindly be informed.Rgds,Rakhesh,Kerala."
ham,Prabha..i'm soryda..realy..frm heart i'm sory
ham,No break time one... How... I come out n get my stuff fr Ì_?
ham,The basket's gettin full so I might be by tonight
ham,&lt;#&gt;  w jetton ave if you forgot
spam,Do you want a New Nokia 3510i colour phone DeliveredTomorrow? With 300 free minutes to any mobile + 100 free texts + Free Camcorder reply or call 08000930705
ham,Do Ì_ all wan 2 meet up n combine all the parts? How's da rest of da project going?
ham,Sometimes Heart Remembrs someone Very much... Forgets someone soon... Bcoz Heart will not like everyone. But liked ones will be Remembered Everytime... BSLVYL
ham,He fucking chickened out. He messaged me he would be late and woould buzz me and then I didn't hear a word from him
spam,"all the lastest from Stereophonics, Marley, Dizzee Racal, Libertines and The Strokes! Win Nookii games with Flirt!! Click TheMob WAP Bookmark or text WAP to 82468"
ham,\CHA QUITEAMUZING THATåÕSCOOL BABE
ham,Then Ì_ come n pick me at 530 ar?
ham,Ill be there on  &lt;#&gt;  ok.
ham,"Sorry,  in meeting I'll call you later"
ham,"Well, i'm glad you didn't find it totally disagreeable ... Lol"
ham,We live in the next  &lt;#&gt; mins
ham,Ok...
spam,Someone U know has asked our dating service 2 contact you! Cant Guess who? CALL 09058091854 NOW all will be revealed. PO BOX385 M6 6WU
ham,"Nothing, smsing u n xy lor. Sorry lor da guys neva c u in person but they sort of know u lor. So u wan 2 meet them xy ask me 2 bring u along 4 our next meeting."
ham,\SHIT BABE.. THASA BIT MESSED UP.YEH
spam,Dear Subscriber ur draw 4 å£100 gift voucher will b entered on receipt of a correct ans. When was Elvis Presleys Birthday? TXT answer to 80062
ham,No need to ke qi... ÌÏ too bored izzit y suddenly thk of this...
ham,Babes I think I got ur brolly I left it in English wil bring it in 2mrw 4 u luv Franxx
spam,"Goal! Arsenal 4 (Henry, 7 v Liverpool 2 Henry scores with a simple shot from 6 yards from a pass by Bergkamp to give Arsenal a 2 goal margin after 78 mins."
ham,"I've got  &lt;#&gt; , any way I could pick up?"
ham,Booked ticket for pongal?
ham,"Yeah we wouldn't leave for an hour at least, how's 4 sound?"
ham,Hmm. Shall i bring a bottle of wine to keep us amused? Just joking! I'll still bring a bottle. Red or white? See you tomorrow
ham,Enjoy ur life. . Good night
ham,Still i have not checked it da. . .
ham,Are you still getting the goods.
ham,"Why is that, princess? I bet the brothas are all chasing you!"
ham,Armand says get your ass over to epsilon
ham,"Sorry, I'll call later"
ham,No wonder... Cos i dun rem seeing a silver car... But i thk i saw a black one...
ham,Yeah my usual guy's out of town but there're definitely people around I know
ham,"* Was a nice day and, impressively, i was sensible, went home early and now feel fine. Or am i just boring?! When's yours, i can't remember."
ham,CERI U REBEL! SWEET DREAMZ ME LITTLE BUDDY!! C YA 2MORO! WHO NEEDS BLOKES
ham,Thts god's gift for birds as humans hav some natural gift frm god..
ham,Thanx...
ham,Hey you told your name to gautham ah?
ham,Did u fix the teeth?if not do it asap.ok take care.
ham,This pain couldn't have come at a worse time.
ham,Hey! Congrats 2u2. id luv 2 but ive had 2 go home!
ham,will you like to be spoiled? :)
spam,"Congrats 2 mobile 3G Videophones R yours. call 09063458130 now! videochat wid ur mates, play java games, Dload polypH music, noline rentl. bx420. ip4. 5we. 150p"
ham,Hey check it da. I have listed da.
ham,So are you guys asking that i get that slippers again or its gone with last year
ham,How come she can get it? Should b quite diff to guess rite...
ham,Hope you are having a good week. Just checking in
ham,Anything lar...
ham,S but not able to sleep.
ham,Chk in ur belovd ms dict
ham,"Daddy, shu shu is looking 4 u... U wan me 2 tell him u're not in singapore or wat?"
ham,No problem with the renewal. I.ll do it right away but i dont know his details.
ham,Shall i come to get pickle
spam,You have 1 new voicemail. Please call 08719181513.
ham,"She was supposed to be but couldn't make it, she's still in town though"
ham,"The guy at the car shop who was flirting with me got my phone number from the paperwork and called and texted me. I'm nervous because of course now he may have my address. Should i call his boss and tell him, knowing this may get him fired?"
ham,Ha ha ha good joke. Girls are situation seekers.
ham,All these nice new shirts and the only thing I can wear them to is nudist themed ;_; you in mu?
ham,Ic. There are a lotta childporn cars then.
ham,Kallis is ready for bat in 2nd innings
ham,"Dear Hero,i am leaving to qatar tonite for an apt opportunity.pls do keep in touch at  &lt;EMAIL&gt; ,kerala"
ham,Esplanade lor. Where else...
spam,You have 1 new message. Please call 08712400200.
ham,"Yeah I am, so I'll leave maybe 7ish?"
ham,No problem. How are you doing?
spam,Todays Voda numbers ending 5226 are selected to receive a ?350 award. If you hava a match please call 08712300220 quoting claim code 1131 standard rates app 
ham,"I'm in a meeting, call me later at"
ham,Oops i thk i dun haf enuff... I go check then tell Ì_..
spam,okmail: Dear Dave this is your final notice to collect your 4* Tenerife Holiday or #5000 CASH award! Call 09061743806 from landline. TCs SAE Box326 CW25WX 150ppm
ham,I can't believe how attached I am to seeing you every day. I know you will do the best you can to get to me babe. I will go to teach my class at your midnight
ham,"And very importantly, all we discuss is between u and i only."
spam,"Had your contract mobile 11 Mnths? Latest Motorola, Nokia etc. all FREE! Double Mins & Text on Orange tariffs. TEXT YES for callback, no to remove from records."
ham,"\What are youdoing later? Sar xxx\"""""
ham,"Living is very simple.. Loving is also simple.. Laughing is too simple.. Winning is tooo simple.. But, being 'SIMPLE' is very difficult.. Gud nte.:-"
ham,"My friend, she's studying at warwick, we've planned to go shopping and to concert tmw, but it may be canceled, havn't seen  for ages, yeah we should get together sometime!"
ham,"Good afternoon, my love ... How goes your day ? How did you sleep ? I hope your well, my boytoy ... I think of you ..."
ham,Thought we could go out for dinner. I'll treat you! Seem ok?
ham,I ain't answerin no phone at what is actually a pretty reasonable hour but I'm sleepy
spam,U have a secret admirer who is looking 2 make contact with U-find out who they R*reveal who thinks UR so special-call on 09058094599
ham,Omg how did u know what I ate?
ham,Nan sonathaya soladha. Why boss?
ham,Congratulations ore mo owo re wa. Enjoy it and i wish you many happy moments to and fro wherever you go
ham,Oh... Kay... On sat right?
ham,"My Parents, My Kidz, My Friends n My Colleagues. All screaming.. SURPRISE !! and I was waiting on the sofa.. ... ..... ' NAKED...!"
ham,"K, jason says he's gonna be around so I'll be up there around  &lt;#&gt;"
spam,WIN a å£200 Shopping spree every WEEK Starting NOW. 2 play text STORE to 88039. SkilGme. TsCs08714740323 1Winawk! age16 å£1.50perweeksub.
ham,"If i let you do this, i want you in the house by 8am."
ham,Friendship poem: Dear O Dear U R Not Near But I Can Hear Dont Get Fear Live With Cheer No More Tear U R Always my Dear. Gud ni8
ham,Alright took the morphine. Back in yo.
ham,It's ok lar. U sleep early too... Nite...
ham,No it was cancelled yeah baby! Well that sounds important so i understand my darlin give me a ring later on this fone love Kate x
spam,"Ur balance is now å£600. Next question: Complete the landmark, Big, A. Bob, B. Barry or C. Ben ?. Text A, B or C to 83738. Good luck!"
ham,I don know account details..i will ask my mom and send you.my mom is out of reach now.
ham,Yes. Rent is very expensive so its the way we save.
ham,Huh i cant thk of more oredi how many pages do we have?
ham,Lol they don't know about my awesome phone. I could click delete right now if I want.
spam,You have been specially selected to receive a 2000 pound award! Call 08712402050 BEFORE the lines close. Cost 10ppm. 16+. T&Cs apply. AG Promo
ham,Gibbs unsold.mike hussey
ham,"I can't speak, bcaz mobile have problem. I can listen you but you cann't listen my voice. So i calls you later."
spam,Had your mobile 11mths ? Update for FREE to Oranges latest colour camera mobiles & unlimited weekend calls. Call Mobile Upd8 on freefone 08000839402 or 2StopTx
ham,Me i'm not workin. Once i get job...
ham,Hi. I'm always online on yahoo and would like to chat with you someday
spam,"Thanks for your ringtone order, reference number X49.Your mobile will be charged 4.50. Should your tone not arrive please call customer services 09065989182"
ham,Yup ok...
ham,I cant wait to see you! How were the photos were useful? :)
ham,Should I head straight there or what
ham,Height of Confidence: All the Aeronautics professors wer calld &amp; they wer askd 2 sit in an aeroplane. Aftr they sat they wer told dat the plane ws made by their students. Dey all hurried out of d plane.. Bt only 1 didnt move... He said:\if it is made by my students
spam,tells u 2 call 09066358152 to claim å£5000 prize. U have 2 enter all ur mobile & personal details @ the prompts. Careful!
ham,K sure am in my relatives home. Sms me de. Pls:-)
spam,FREE for 1st week! No1 Nokia tone 4 ur mobile every week just txt NOKIA to 8077 Get txting and tell ur mates. www.getzed.co.uk POBox 36504 W45WQ 16+ norm150p/tone
ham,Mathews or tait or edwards or anderson
ham,"I noe la... U wana pei bf oso rite... K lor, other days den..."
ham,Why i come in between you people
ham,"Goodmorning, today i am late for  &lt;DECIMAL&gt; min."
ham,Yar i wanted 2 scold u yest but late already... I where got zhong se qing you? If u ask me b4 he ask me then i'll go out w u all lor. N u still can act so real.
ham,"I think we're going to finn's now, come"
ham,Long beach lor. Expected... U having dinner now?
ham,"Don't Think About \What u Have Got\"" Think About \""How to Use It That You Have Got\"" gooD ni8"""
spam,Had your mobile 10 mths? Update to latest Orange camera/video phones for FREE. Save å£s with Free texts/weekend calls. Text YES for a callback orno to opt out
ham,How much would it cost to hire a hitman
ham,Dont show yourself. How far. Put new pictures up on facebook.
ham,K...k:)why cant you come here and search job:)
spam,You are now unsubscribed all services. Get tons of sexy babes or hunks straight to your phone! go to http://gotbabes.co.uk. No subscriptions.
ham,Do you always celebrate NY's with your family ?
ham,Why nothing. Ok anyway give me treat
ham,How long does applebees fucking take
ham,ARR birthday today:) i wish him to get more oscar.
ham,Tomarrow i want to got to court. At  &lt;DECIMAL&gt; . So you come to bus stand at 9.
spam,<Forwarded from 21870000>Hi - this is your Mailbox Messaging SMS alert. You have 40 matches. Please call back on 09056242159 to retrieve your messages and matches cc100p/min
ham,Stupid.its not possible
ham,Hey we can go jazz power yoga hip hop kb and yogasana 
ham,Dont kick coco when he's down
ham,"Hi, my love! How goes that day? Fuck, this morning I woke and dropped my cell on the way down the stairs but it seems alright ... *phews* I miss you !"
ham,I dont have i shall buy one dear
ham,No plans yet. What are you doing ?
spam,You have won a guaranteed å£200 award or even å£1000 cashto claim UR award call free on 08000407165 (18+) 2 stop getstop on 88222 PHP. RG21 4JX
ham,And maybe some pressies
spam,PRIVATE! Your 2004 Account Statement for 07742676969 shows 786 unredeemed Bonus Points. To claim call 08719180248 Identifier Code: 45239 Expires
ham,"Fuck babe ... I miss you already, you know ? Can't you let me send you some money towards your net ? I need you ... I want you ... I crave you ..."
spam,4mths half price Orange line rental & latest camera phones 4 FREE. Had your phone 11mths ? Call MobilesDirect free on 08000938767 to update now! or2stoptxt
ham,Yun ah.now Ì_ wkg where?btw if Ì_ go nus sc. ÌÏ wana specialise in wad?
ham,Argh why the fuck is nobody in town ;_;
ham,"Hey sexy buns ! Have I told you ? I adore you, loverboy. I hope you remember to thank your sister in law for those meatballs *grins* ... i love you, babe"
ham,Wow so healthy. Old airport rd lor. Cant thk of anything else. But i'll b bathing my dog later.
spam,"FreeMSG You have been awarded a FREE mini DIGITAL CAMERA, just reply SNAP to collect your prize! (quizclub Opt out? Stop 80122300p/wk SP:RWM Ph:08704050406)"
ham,"No worries, hope photo shoot went well. have a spiffing fun at workage. "
ham,Also fuck you and your family for going to rhode island or wherever the fuck and leaving me all alone the week I have a new bong &gt;:(
ham,When i have stuff to sell i.ll tell you
ham,Yeah I don't see why not
spam,"HOT LIVE FANTASIES call now 08707509020 Just 20p per min NTT Ltd, PO Box 1327 Croydon CR9 5WB 0870..k"
spam,YES! The only place in town to meet exciting adult singles is now in the UK. Txt CHAT to 86688 now! 150p/Msg.
ham,"Only just got this message, not ignoring you. Yes, i was. Shopping that is"
ham,Pls come quick cant bare this.
ham,Guess who spent all last night phasing in and out of the fourth dimension
ham,"I know dat feelin had it with Pete! Wuld get with em , nuther place nuther time mayb?"
ham,"It's that time of the week again, ryan"
ham,Is it your yahoo boys that bring in the perf? Or legal.
ham,Oh for fuck's sake she's in like tallahassee
spam,Guess who am I?This is the first time I created a web page WWW.ASJESUS.COM read all I wrote. I'm waiting for your opinions. I want to be your friend 1/1
ham,i can call in  &lt;#&gt;  min if thats ok
ham,Sorry completely forgot * will pop em round this week if your still here?
spam,You have WON a guaranteed å£1000 cash or a å£2000 prize. To claim yr prize call our customer service representative on 08714712379 between 10am-7pm Cost 10p
ham,"Yup, leaving right now, be back soon"
ham,Then dun wear jeans lor...
ham,Well you told others you'd marry them...
ham,I was at bugis juz now wat... But now i'm walking home oredi... ÌÏ so late then reply... I oso saw a top dat i like but din buy... Where r Ì_ now? 
ham,Will do. Have a good day
spam,You have won a guaranteed å£200 award or even å£1000 cashto claim UR award call free on 08000407165 (18+) 2 stop getstop on 88222 PHP
ham,"No dice, art class 6 thru 9 :( thanks though. Any idea what time I should come tomorrow?"
ham,Am I the only one who doesn't stalk profiles?
ham,You'll never believe this but i have actually got off at taunton. Wow
spam,"URGENT! Your Mobile No. was awarded å£2000 Bonus Caller Prize on 5/9/03 This is our final try to contact U! Call from Landline 09064019788 BOX42WR29C, 150PPM"
ham,Do u konw waht is rael FRIENDSHIP Im gving yuo an exmpel: Jsut ese tihs msg.. Evrey splleing of tihs msg is wrnog.. Bt sitll yuo can raed it wihtuot ayn mitsake.. GOODNIGHT &amp; HAVE A NICE SLEEP..SWEET DREAMS..
ham,645
ham,"\I;m reaching in another 2 stops.\"""""
spam,U are subscribed to the best Mobile Content Service in the UK for å£3 per ten days until you send STOP to 83435. Helpline 08706091795.
spam,Filthy stories and GIRLS waiting for your
ham,Darren was saying dat if u meeting da ge den we dun meet 4 dinner. Cos later u leave xy will feel awkward. Den u meet him 4 lunch lor.
ham,Yo you around? A friend of mine's lookin to pick up later tonight
ham,"Well done, blimey, exercise, yeah, i kinda remember wot that is, hmm. "
ham,"1.20 that call cost. Which i guess isnt bad. Miss ya, need ya, want ya, love ya"
ham,Hi di is yijue we're meeting at 7 pm at esaplanade tonight.
spam,"Win the newest åÒHarry Potter and the Order of the Phoenix (Book 5) reply HARRY, answer 5 questions - chance to be the first among readers!"
ham,And smile for me right now as you go and the world will wonder what you are smiling about and think your crazy and keep away from you ... *grins*
ham,Ranjith cal drpd Deeraj and deepak 5min hold
ham,Book which lesson? then you msg me... I will call up after work or sth... I'm going to get specs. My membership is PX3748
ham,Haiyoh... Maybe your hamster was jealous of million
ham,En chikku nange bakra msg kalstiya..then had tea/coffee?
ham,Here got ur favorite oyster... N got my favorite sashimi... Ok lar i dun say already... Wait ur stomach start rumbling...
ham,great princess! I love giving and receiving oral. Doggy style is my fave position. How about you? I enjoy making love  &lt;#&gt;  times per night :)
ham,I'll be in sch fr 4-6... I dun haf da book in sch... It's at home...
ham,Its just the effect of irritation. Just ignore it
ham,"Forgot you were working today! Wanna chat, but things are ok so drop me a text when you're free / bored etc and i'll ring. Hope all is well, nose essay and all xx"
ham,"Lemme know when I can swing by and pick up, I'm free basically any time after 1 all this semester"
ham,Dear how you. Are you ok?
ham,"Honey, can you pls find out how much they sell Predicte in Nigeria. And how many times can it be used. Its very important to have a reply before monday"
ham,\Si.como no?!listened2the plaid album-quite gd&the new air1 which is hilarious-also boughtåÓbraindanceåÓa comp.ofstuff on aphexåÕs ;abel
ham,Lol. Well quality aint bad at all so i aint complaining
ham,Happy new years melody!
ham,"Sometimes we put walls around our hearts,not just to be safe from getting hurt.. But to find out who cares enough to break the walls &amp; get closer.. GOODNOON:)"
ham,Huh? 6 also cannot? Then only how many mistakes?
ham,I dont know why she.s not getting your messages
ham,Leave it wif me lar... ÌÏ wan to carry meh so heavy... Is da num 98321561 familiar to Ì_?
ham,Hope you are having a great day.
ham,Yes. Last  practice
ham,I know that my friend already told that.
spam,"Spook up your mob with a Halloween collection of a logo & pic message plus a free eerie tone, txt CARD SPOOK to 8007 zed 08701417012150p per logo/pic"
ham,Prabha..i'm soryda..realy..frm heart i'm sory
ham,"Oh really? perform, write a paper, go to a movie AND be home by midnight, huh?"
ham,Pls speak to that customer machan.
ham,I liked your new house
ham,"Dear, take care. I am just reaching home.love u a lot."
ham,"1) Go to write msg 2) Put on Dictionary mode 3)Cover the screen with hand, 4)Press  &lt;#&gt; . 5)Gently remove Ur hand.. Its interesting..:)"
ham,I will come tomorrow di
ham,"Bloody hell, cant believe you forgot my surname Mr . Ill give u a clue, its spanish and begins with m... "
ham,I did. One slice and one breadstick. Lol
ham,Me hungry buy some food good lei... But mum n yun dun wan juz buy a little bit... 
ham,S:)no competition for him.
ham,I'll text now! All creepy like so he won't think that we forgot
ham,"Pity, * was in mood for that. So...any other suggestions?"
ham,Is she replying. Has boye changed his phone number
ham,Where is it. Is there any opening for mca.
ham,"I guess that's why you re worried. You must know that there's a way the body repairs itself. And i'm quite sure you shouldn't worry. We'll take it slow. First the tests, they will guide when your ovulation is then just relax. Nothing you've said is a reason to worry but i.ll keep on followin you up."
ham,U sick still can go shopping?
ham,I.ll hand her my phone to chat wit u
ham,K.k:)apo k.good movie.
ham,"New Theory: Argument wins d SITUATION, but loses the PERSON. So dont argue with ur friends just.. . . . kick them &amp; say, I'm always correct.!"
ham,"Sorry, I'll call later"
ham,"That's what I love to hear :V see you sundayish, then"
ham,What makes you most happy?
ham,Aiyar hard 2 type. U later free then tell me then i call n scold n tell u.
spam,How come it takes so little time for a child who is afraid of the dark to become a teenager who wants to stay out all night?
ham,Oh god. I'm gonna Google nearby cliffs now.
ham,Hey what are you doing. Y no reply pa..
ham,Smile in Pleasure Smile in Pain Smile when trouble pours like Rain Smile when sum1 Hurts U Smile becoz SOMEONE still Loves to see u Smiling!!
ham,if you aren't here in the next  &lt;#&gt;  hours imma flip my shit
spam,PRIVATE! Your 2003 Account Statement for shows 800 un-redeemed S.I.M. points. Call 08715203685 Identifier Code:4xx26 Expires 13/10/04
ham,"Time n Smile r the two crucial things in our life. Sometimes time makes us to forget smile, and sometimes someone's smile makes us to forget time gud noon"
ham,Ok. There may be a free gym about.
ham,Erutupalam thandiyachu
ham,Me n him so funny...
ham,I'm sorry. I've joined the league of people that dont keep in touch. You mean a great deal to me. You have been a friend at all times even at great personal cost. Do have a great week.|
ham,R Ì_ comin back for dinner?
ham,Did u download the fring app?
ham,Cheers for the message Zogtorius. IåÕve been staring at my phone for an age deciding whether to text or not.
ham,You call him and tell now infront of them. Call him now.
ham,"Sorry, I'll call later"
spam,PRIVATE! Your 2003 Account Statement for <fone no> shows 800 un-redeemed S. I. M. points. Call 08715203656 Identifier Code: 42049 Expires 26/10/04
ham,Also are you bringing galileo or dobby
ham,Po de :-):):-):-):-). No need job aha.
ham,You can never do NOTHING
spam,Free entry in 2 a weekly comp for a chance to win an ipod. Txt POD to 80182 to get entry (std txt rate) T&C's apply 08452810073 for details 18+
ham,About  &lt;#&gt; bucks. The banks fees are fixed. Better to call the bank and find out.
ham,"Aight that'll work, thanks"
ham,"Nah I don't think he goes to usf, he lives around here though"
spam,Win a å£1000 cash prize or a prize worth å£5000
ham,Pathaya enketa maraikara pa'
spam,December only! Had your mobile 11mths+? You are entitled to update to the latest colour camera mobile for Free! Call The Mobile Update Co FREE on 08002986906 
ham,MY NO. IN LUTON 0125698789 RING ME IF UR AROUND! H*
ham,Remind me how to get there and I shall do so
ham,I dunno they close oredi not... ÌÏ v ma fan...
ham,Ha! I wouldn't say that I just didn't read anything into way u seemed. I don't like 2 be judgemental....i save that for fridays in the pub!
spam,"SIX chances to win CASH! From 100 to 20,000 pounds txt> CSH11 and send to 87575. Cost 150p/day, 6days, 16+ TsandCs apply Reply HL 4 info"
ham,"Yalru lyfu astne chikku.. Bt innu mundhe lyf ali halla ke bilo (marriage)program edhae, so lyf is nt yet ovr chikku..ali vargu lyfu meow meow:-D"
ham,Understand. his loss is my gain :) so do you work? School?
ham,Hey no I ad a crap nite was borin without ya 2 boggy with me u boring biatch! Thanx but u wait til nxt time il ave ya 
ham,Hey now am free you can call me.
ham,"Say this slowly.? GOD,I LOVE YOU &amp; I NEED YOU,CLEAN MY HEART WITH YOUR BLOOD.Send this to Ten special people &amp; u c miracle tomorrow, do it,pls,pls do it..."
ham,"Hm good morning, headache anyone? :-)"
ham,No you'll just get a headache trying to figure it out. U can trust me to do the math. I promise. O:-)
ham,i felt so...not any conveying reason.. Ese he... What about me?
ham,Lol ... I knew that .... I saw him in the dollar store
spam,"Do you realize that in about 40 years, we'll have thousands of old ladies running around with tattoos?"
ham,"Aight, I'll hit you up when I get some cash"
ham,Anything is valuable in only 2 situations: First- Before getting it... Second- After loosing it...
ham,Sorry. You never hear unless you book it. One was kinda a joke--thet were really looking for skinny white girls. The other was one line--you can only do so much on camera with that. Something like that they're casting on the look.
ham,Umma my life and vava umma love you lot dear
ham,Cant think of anyone with * spare room off * top of my head
ham,So when you gonna get rimac access 
ham,I would but I'm still cozy. And exhausted from last night.nobody went to school or work. Everything is closed.
spam,"For ur chance to win å£250 cash every wk TXT: PLAY to 83370. T's&C's www.music-trivia.net custcare 08715705022, 1x150p/wk."
ham,Siva is in hostel aha:-.
spam,We tried to call you re your reply to our sms for a video mobile 750 mins UNLIMITED TEXT + free camcorder Reply of call 08000930705 Now
ham,:-) yeah! Lol. Luckily i didn't have a starring role like you!
ham,"Hello, my love ! How went your day ? Are you alright ? I think of you, my sweet and send a jolt to your heart to remind you ... I LOVE YOU! Can you hear it ? I screamed it across the sea for all the world to hear. Ahmad al Hallaq is loved ! and owned ! *possessive passionate kiss*"
ham,Ok lor Ì_ reaching then message me.
ham,"By the way, i've put a skip right outside the front of the house so you can see which house it is. Just pull up before it."
ham,As if i wasn't having enough trouble sleeping.
spam,Please CALL 08712402779 immediately as there is an urgent message waiting for you
ham,"Yo, I'm at my parents' gettin cash. Good news: we picked up a downstem"
ham,I wud never mind if u dont miss me or if u dont need me.. But u wil really hurt me wen u need me &amp; u dont tell me......... Take care:-)
ham,Then u ask darren go n pick u lor... But i oso sian tmr haf 2 meet lect...
ham,V skint too but fancied few bevies.waz gona go meet &othrs in spoon but jst bin watchng planet earth&sofa is v comfey; If i dont make it hav gd night
ham,If i said anything wrong sorry de:-)
ham,U dun say so early hor... U c already then say...
ham,"We are at grandmas. Oh dear, u still ill? I felt Shit this morning but i think i am just hungover! Another night then. We leave on sat."
ham,Does daddy have a bb now.
ham, what number do u live at? Is it 11?
ham,"Mmmmm ... I loved waking to your words this morning ! I miss you too, my Love. I hope your day goes well and you are happy. I wait for us to be together again"
ham,Host-based IDPS for linux systems.
ham,"Dear friends, sorry for the late information. Today is the birthday of our loving Ar.Praveesh. for more details log on to face book and see. Its his number + &lt;#&gt; . Dont miss a delicious treat."
ham,Surely result will offer:)
ham,Cramps stopped. Going back to sleep
ham,I need... Coz i never go before 
ham,Gettin rdy to ship comp
ham,Slaaaaave ! Where are you ? Must I summon you to me all the time now ? Don't you wish to come to me on your own anymore?
spam,EASTENDERS TV Quiz. What FLOWER does DOT compare herself to? D= VIOLET E= TULIP F= LILY txt D E or F to 84025 NOW 4 chance 2 WIN å£100 Cash WKENT/150P16+
ham,Nokia phone is lovly..
spam,BIG BROTHER ALERT! The computer has selected u for 10k cash or #150 voucher. Call 09064018838. NTT PO Box CRO1327 18+ BT Landline Cost 150ppm mobiles vary
ham,I said its okay. Sorry
ham,And you! Will expect you whenever you text! Hope all goes well tomo 
ham,"Thanx. Yup we coming back on sun. Finish dinner going back 2 hotel now. Time flies, we're tog 4 exactly a mth today. Hope we'll haf many more mths to come..."
ham,Otherwise had part time job na-tuition..
ham,"\HELLO U.CALL WEN U FINISH WRK.I FANCY MEETIN UP WIV U ALL TONITE AS I NEED A BREAK FROM DABOOKS. DID 4 HRS LAST NITE+2 TODAY OF WRK!\"""""
ham,Love it! Daddy will make you scream with pleasure! I am going to slap your ass with my dick!
ham,Lol yes. But it will add some spice to your day.
ham,PISS IS TALKING IS SOMEONE THAT REALISE U THAT POINT THIS AT IS IT.(NOW READ IT BACKWARDS)
ham,"\Hi darlin did youPhone me? Im atHome if youwanna chat.\"""""
ham,"Can you tell Shola to please go to college of medicine and visit the academic department, tell the academic secretary what the current situation is and ask if she can transfer there. She should ask someone to check Sagamu for the same thing and lautech. Its vital she completes her medical education in Nigeria. Its less expensive much less expensive. Unless she will be getting citizen rates in new zealand."
ham,U having lunch alone? I now so bored...
ham,"FRAN I DECIDED 2 GO N E WAY IM COMPLETELY BROKE AN KNACKERED I GOT UP BOUT 3 C U 2MRW LOVE JANX P.S THIS IS MY DADS FONE, -NO CREDIT"
ham,Do you know where my lab goggles went
ham,Its posible dnt live in  &lt;#&gt; century cm frwd n thnk different
ham,Take some small dose tablet for fever
spam,You have won a guaranteed 32000 award or maybe even å£1000 cash to claim ur award call free on 0800 ..... (18+). Its a legitimat efreefone number wat do u think???
ham,How are you with moneY...as in to you...money aint a thing....how are you sha!
spam,"SMSSERVICES. for yourinclusive text credits, pls goto www.comuk.net login= 3qxj9 unsubscribe with STOP, no extra charge. help 08702840625.COMUK. 220-CM2 9AE"
ham,Are you the cutest girl in the world or what
ham,K. I will sent it again
ham,Shopping lor. Them raining mah hard 2 leave orchard.
ham,1's reach home call me.
ham,Omg Joanna is freaking me out. She's looked thru all my friends to find photos of me. And then she's asking about stuff on my MySpace which I haven't even logged on in like a year. :/
ham,How much u trying to get?
ham,University of southern california.
ham,Die... I accidentally deleted e msg i suppose 2 put in e sim archive. Haiz... I so sad...
ham,Check mail.i have mailed varma and kept copy to you regarding membership.take care.insha allah.
ham,"Cool, text me when you're ready"
ham,Tell me again what your address is
ham,And is there a way you can send shade's stuff to her. And she has been wonderful too.
spam,Thanks for your subscription to Ringtone UK your mobile will be charged å£5/month Please confirm by replying YES or NO. If you reply NO you will not be charged
ham,I know you mood off today
ham,"Ta-Daaaaa! I am home babe, are you still up ?"
ham,Wat makes u thk i'll fall down. But actually i thk i'm quite prone 2 falls. Lucky my dad at home i ask him come n fetch me already.
ham,Need a coffee run tomo?Can't believe it's that time of week already
ham,Anything...
spam,"Update_Now - Xmas Offer! Latest Motorola, SonyEricsson & Nokia & FREE Bluetooth! Double Mins & 1000 Txt on Orange. Call MobileUpd8 on 08000839402 or call2optout/F4Q="
ham,Congrats. That's great. I wanted to tell you not to tell me your score cos it might make me relax. But its motivating me so thanks for sharing
spam,You have an important customer service announcement. Call FREEPHONE 0800 542 0825 now!
ham,"Nothing, i got msg frm tht unknown no.."
ham,Hi msg me:)i'm in office..
ham,One of the joys in lifeis waking up each daywith thoughts that somewhereSomeone cares enough tosend a warm morning greeting.. -
ham,I dont thnk its a wrong calling between us
ham,ÌÏ bot notes oredi... Cos i juz rem i got...
ham,I want to see your pretty pussy...
ham,No problem baby. Is this is a good time to talk? I called and left a message.
ham,"Goodmorning,my grandfather expired..so am on leave today."
ham,"It's cool, we can last a little while. Getting more any time soon?"
ham,"That's very rude, you on campus?"
ham,And of course you should make a stink!
ham,For fear of fainting with the of all that housework you just did? Quick have a cuppa
ham,"Nah, I'm a perpetual DD"
ham,HCL chennai requires FRESHERS for voice process.Excellent english needed.Salary upto  &lt;#&gt; .Call Ms.Suman  &lt;#&gt;  for Telephonic interview -via Indyarocks.com
ham,Yes but can we meet in town cos will go to gep and then home. You could text at bus stop. And don't worry we'll have finished by march Û_ ish!
ham,Well thats nice. Too bad i cant eat it
spam,Had your mobile 11 months or more? U R entitled to Update to the latest colour mobiles with camera for Free! Call The Mobile Update Co FREE on 08002986030
ham,Can you plz tell me the ans. BSLVYL sent via fullonsms.com
ham,"Go until jurong point, crazy.. Available only in bugis n great world la e buffet... Cine there got amore wat..."
ham,V nice! Off 2 sheffield tom 2 air my opinions on categories 2 b used 2 measure ethnicity in next census. Busy transcribing. :-)
ham,Yes. They replied my mail. I'm going to the management office later. Plus will in to bank later also.or on wednesday.
ham,I'm on da bus going home...
spam,Show ur colours! Euro 2004 2-4-1 Offer! Get an England Flag & 3Lions tone on ur phone! Click on the following service message for info!
ham,Why you keeping me away like this
ham,Want to finally have lunch today?
ham,"Aight yo, dats straight dogg"
spam,Hi I'm sue. I am 20 years old and work as a lapdancer. I love sex. Text me live - I'm i my bedroom now. text SUE to 89555. By TextOperator G2 1DA 150ppmsg 18+
ham,Would me smoking you out help us work through this difficult time
spam,FREE for 1st week! No1 Nokia tone 4 ur mob every week just txt NOKIA to 87077 Get txting and tell ur mates. zed POBox 36504 W45WQ norm150p/tone 16+
ham,"Hello! Just got here, st andrews-boy its a long way! Its cold. I will keep you posted"
ham,Good. Good job. I like entrepreneurs
ham,Can a not?
ham,Speaking of does he have any cash yet?
ham,You've always been the brainy one.
ham,"Sorry, I can't help you on this."
ham,Xy trying smth now. U eat already? We havent...
ham,"Sorry, I'll call later"
ham,Depends on individual lor e hair dresser say pretty but my parents say look gong. U kaypoh.. I also dunno wat she collecting.
ham,My superior telling that friday is leave for all other department except ours:)so it will be leave for you:)any way call waheed fathima hr and conform it:)
spam,December only! Had your mobile 11mths+? You are entitled to update to the latest colour camera mobile for Free! Call The Mobile Update Co FREE on 08002986906
ham,What time you think you'll have it? Need to know when I should be near campus
ham,Now i'm going for lunch.
ham,Auntie huai juan never pick up her phone
ham,No prob. I will send to your email.
ham,Lemme know when you're here
ham,God bless.get good sleep my dear...i will pray!
ham,"Hmph. Go head, big baller."
ham,Also that chat was awesome but don't make it regular unless you can see her in person
ham,"The last thing i ever wanted to do was hurt you. And i didn't think it would have. You'd laugh, be embarassed, delete the tag and keep going. But as far as i knew, it wasn't even up. The fact that you even felt like i would do it to hurt you shows you really don't know me at all. It was messy wednesday, but it wasn't bad. The problem i have with it is you HAVE the time to clean it, but you choose not to. You skype, you take pictures, you sleep, you want to go out. I don't mind a few things here and there, but when you don't make the bed, when you throw laundry on top of it, when i can't have a friend in the house because i'm embarassed that there's underwear and bras strewn on the bed, pillows on the floor, that's something else. You used to be good about at least making the bed."
ham,Going to take your babe out ?
ham,Yup having my lunch buffet now.. U eat already?
ham,"As usual..iam fine, happy &amp; doing well..:)"
spam,"Hi, this is Mandy Sullivan calling from HOTMIX FM...you are chosen to receive å£5000.00 in our Easter Prize draw.....Please telephone 09041940223 to claim before 29/03/05 or your prize will be transferred to someone else...."
ham,If you were/are free i can give. Otherwise nalla adi entey nattil kittum
ham,"Princess, i like to make love  &lt;#&gt;  times per night. Hope thats not a problem!"
ham,Great! I have to run now so ttyl!
ham,Msg me when rajini comes.
ham,I had a good time too. Its nice to do something a bit different with my weekends for a change. See ya soon
ham,K..k:)where are you?how did you performed?
ham,"Ever green quote ever told by Jerry in cartoon \A Person Who Irritates u Always Is the one Who Loves u Vry Much But Fails to Express It...!..!! :-) :-) gud nyt"""
ham,Only saturday and sunday holiday so its very difficult:)
ham,The hair cream has not been shipped.
ham,"Each Moment in a day,has its own value-Morning brings hope,afternoon brings faith,Evening brings luv,Night brings rest,Wish u find them all today.Good Morning"
spam,"Auction round 4. The highest bid is now å£54. Next maximum bid is å£71. To bid, send BIDS e. g. 10 (to bid å£10) to 83383. Good luck."
ham,My house here e sky quite dark liao... If raining then got excuse not 2 run already rite... Hee...
ham,i dnt wnt to tlk wid u
ham,So how's scotland. Hope you are not over showing your JJC tendencies. Take care. Live the dream
ham,I am in office:)whats the matter..msg me now.i will call you at break:).
ham,Was actually sleeping and still might when u call back. So a text is gr8. You rock sis. Will send u a text wen i wake.
spam,"For your chance to WIN a FREE Bluetooth Headset then simply reply back with \ADP\"""""
ham,"My life Means a lot to me, Not because I love my life, But because I love the people in my life, The world calls them friends, I call them my World:-).. Ge:-).."
ham,Aiyah u did ok already lar. E nydc at wheellock?
ham,Gud mrng dear hav a nice day
ham,"Good afternoon, my love. How goes your day ? What are you up to ? I woke early and am online waiting for you ... Hmmm ... Italian boy is online I see . *grins*"
ham,Aight what time you want me to come up?
ham,"I av a new number,  . Wil u only use this one,ta."
ham,Ok. Every night take a warm bath drink a cup of milk and you'll see a work of magic. You still need to loose weight. Just so that you know
ham,"Lol, oh you got a friend for the dog ?"
ham,Ok good then i later come find Ì_... C lucky i told Ì_ to go earlier... Later pple take finish Ì_ no more again...
ham,Good night my dear.. Sleepwell&amp;Take care
ham,Can you just come in for a sec? There's somebody here I want you to see
ham,"Beautiful Truth against Gravity.. Read carefully: \Our heart feels light when someone is in it.. But it feels very heavy when someone leaves it..\"" GOODMORNING"""
ham,"Awesome, I remember the last time we got somebody high for the first time with diesel :V"
ham,"Oh ! A half hour is much longer in Syria than Canada, eh ? Wow you must get SO much more work done in a day than us with all that extra time ! *grins*"
ham,I am literally in bed and have been up for like  &lt;#&gt;  hours
ham,Hey pple...$700 or $900 for 5 nights...Excellent location wif breakfast hamper!!!
ham,"Every King Was Once A Crying Baby And Every Great Building Was Once A Map.. Not Imprtant Where U r TODAY, BUT Where U Wil Reach TOMORW. Gud ni8"
spam,(Bank of Granite issues Strong-Buy) EXPLOSIVE PICK FOR OUR MEMBERS *****UP OVER 300% *********** Nasdaq Symbol CDGT That is a $5.00 per..
ham,Mum say we wan to go then go... Then she can shun bian watch da glass exhibition... 
ham,I got your back! Do you have any dislikes in bed?
ham,No. To be nosy I guess. Idk am I over reacting if I'm freaked?
spam,U 447801259231 have a secret admirer who is looking 2 make contact with U-find out who they R*reveal who thinks UR so special-call on 09058094597
ham,I will cme i want to go to hos 2morow. After that i wil cme. This what i got from her dear what to do. She didnt say any time
ham,Oh baby of the house. How come you dont have any new pictures on facebook
ham,"Babe! I fucking love you too !! You know? Fuck it was so good to hear your voice. I so need that. I crave it. I can't get enough. I adore you, Ahmad *kisses*"
ham,Same to u...
ham,My sister got placed in birla soft da:-)
ham,I'm putting it on now. It should be ready for  &lt;TIME&gt; 
ham,"Oh... Haha... Den we shld had went today too... Gee, nvm la... Kaiez, i dun mind goin jazz oso... Scared hiphop open cant catch up... "
ham,Glad it went well :) come over at 11 then we'll have plenty of time before claire goes to work.
ham,Haven't eaten all day. I'm sitting here staring at this juicy pizza and I can't eat it. These meds are ruining my life.
ham,Ryder unsold.now gibbs.
spam,PRIVATE! Your 2003 Account Statement for 078
ham,I'm not coming home 4 dinner.
ham,I dont know what to do to come out of this so only am ask questions like this dont mistake me.
spam,"accordingly. I repeat, just text the word ok on your mobile phone and send"
spam,Collect your VALENTINE'S weekend to PARIS inc Flight & Hotel + å£200 Prize guaranteed! Text: PARIS to No: 69101. www.rtf.sphosting.com
ham,Good night my dear.. Sleepwell&amp;Take care
ham,Watching tv now. I got new job :)
ham,Hiya. How was last night? I've been naughty and bought myself clothes and very little ... Ready for more shopping tho! What kind of time do you wanna meet?
ham,"Call me, i am senthil from hsbc."
ham,Then she dun believe wat?
ham,"Yar lor he wan 2 go c horse racing today mah, so eat earlier lor. I ate chicken rice. U?"
ham,Thats cool princess! I will cover your face in hot sticky cum :)
ham,Just sent it. So what type of food do you like?
ham,We walked from my moms. Right on stagwood pass right on winterstone left on victors hill. Address is &lt;#&gt;
ham,"Er, hello, things didnÛ÷t quite go to plan ÛÒ is limping slowly home followed by aa and with exhaust hanging off"
ham,I know I'm lacking on most of this particular dramastorm's details but for the most part I'm not worried about that
ham,"Hello, my love! How goes that day ? I wish your well and fine babe and hope that you find some job prospects. I miss you, boytoy ... *a teasing kiss*"
spam,Call 09095350301 and send our girls into erotic ecstacy. Just 60p/min. To stop texts call 08712460324 (nat rate)
ham,Yo! Howz u? girls never rang after india. L
ham,"I'll text carlos and let you know, hang on"
ham,What???? Hello wats talks email address?
ham,Been running but only managed 5 minutes and then needed oxygen! Might have to resort to the roller option!
spam,"You've won tkts to the EURO2004 CUP FINAL or å£800 CASH, to collect CALL 09058099801 b4190604, POBOX 7876150ppm"
ham,Then cant get da laptop? My matric card wif Ì_ lei... 
ham,Raji..pls do me a favour. Pls convey my Birthday wishes to Nimya. Pls. Today is her birthday.
ham,I can't make it tonight
ham,Ok thanx...
ham,If u dun drive then how i go 2 sch.
ham,I anything lor...
ham,Ummmmmaah Many many happy returns of d day my dear sweet heart.. HAPPY BIRTHDAY dear
ham,have you ever had one foot before?
spam,"U were outbid by simonwatson5120 on the Shinco DVD Plyr. 2 bid again, visit sms. ac/smsrewards 2 end bid notifications, reply END OUT"
spam,"URGENT!! Your 4* Costa Del Sol Holiday or å£5000 await collection. Call 09050090044 Now toClaim. SAE, TC s, POBox334, Stockport, SK38xh, Costå£1.50/pm, Max10mins"
ham,"fyi I'm at usf now, swing by the room whenever"
ham,I just lov this line: \Hurt me with the truth
spam,"Dear Voucher Holder, 2 claim this weeks offer, at your PC go to http://www.e-tlp.co.uk/expressoffer Ts&Cs apply.2 stop texts txt STOP to 80062."
spam,Burger King - Wanna play footy at a top stadium? Get 2 Burger King before 1st Sept and go Large or Super with Coca-Cola and walk out a winner
ham,Also track down any lighters you can find
ham,"Have a lovely night and when you wake up to see this message, i hope you smile knowing all is as should be. Have a great morning"
spam,"You have won ?1,000 cash or a ?2,000 prize! To claim, call09050000327. T&C: RSTM, SW7 3SS. 150ppm"
ham,Me too. Mark is taking forever to pick up my prescription and the pain is coming back.
ham,Watching tv lor. Nice one then i like lor.
ham,Well i know Z will take care of me. So no worries.
ham,Are you driving or training?
ham,"sry can't talk on phone, with parents"
ham,"Fuuuuck I need to stop sleepin, sup"
ham,But i haf enuff space got like 4 mb...
ham,"I love you !!! You know? Can you feel it? Does it make your belly warm? I wish it does, my love ... I shall meet you in your dreams, Ahmad ... *adoring kiss*"
spam,Free Msg: Ringtone!From: http://tms. widelive.com/index. wml?id=1b6a5ecef91ff9*37819&first=true18:0430-JUL-05
ham,Yes i have. So that's why u texted. Pshew...missing you so much
ham,"Just checked out, heading out to drop off my stuff now"
ham,"Sorry, it's a lot of friend-of-a-friend stuff, I'm just now about to talk to the actual guy who wants to buy"
spam,"HOT LIVE FANTASIES call now 08707509020 Just 20p per min NTT Ltd, PO Box 1327 Croydon CR9 5WB 0870 is a national rate call"
ham,Sry da..jst nw only i came to home..
ham,Hey do you want anything to buy:)
spam,Want the latest Video handset? 750 anytime any network mins? Half price line rental? Reply or call 08000930705 for delivery tomorrow
ham,Yes.i'm in office da:)
ham,Wife.how she knew the time of murder exactly
ham,"Now u sound like manky scouse boy steve,like! I is travelling on da bus home.wot has u inmind 4 recreation dis eve?"
ham,All done? All handed in? Celebrations in full swing yet?
ham,"Dunno, my dad said he coming home 2 bring us out 4 lunch. Yup i go w u lor. I call u when i reach school lor..."
ham,"Cool, I'll text you when I'm on the way"
ham,"Get the door, I'm here"
ham,Ujhhhhhhh computer shipped out with address to sandiago and parantella lane. Wtf. Poop.
ham,"Tyler (getting an 8th) has to leave not long after 9, can you get here in like an hour?"
ham,"Its ok, called mom instead have fun"
ham,Bull. Your plan was to go floating off to IKEA with me without a care in the world. So i have to live with your mess another day.
ham,"No! But we found a diff farm shop to buy some cheese. On way back now, can i call in?"
ham,Ok im not sure what time i finish tomorrow but i wanna spend the evening with you cos that would be vewy vewy lubly! Love me xxx
ham,"I know you are thinkin malaria. But relax, children cant handle malaria. She would have been worse and its gastroenteritis. If she takes enough to replace her loss her temp will reduce. And if you give her malaria meds now she will just vomit. Its a self limiting illness she has which means in a few days it will completely stop"
ham,Got smaller capacity one? Quite ex...
ham,Huh but i got lesson at 4 lei n i was thinkin of going to sch earlier n i tot of parkin at kent vale...  
ham,Really good:)dhanush rocks once again:)
ham,Change windows logoff sound..
spam,"January Male Sale! Hot Gay chat now cheaper, call 08709222922. National rate from 1.5p/min cheap to 7.8p/min peak! To stop texts call 08712460324 (10p/min)"
ham,There the size of elephant tablets & u shove um up ur ass!!
ham,That seems unnecessarily hostile
ham,Its a valentine game. . . Send dis msg to all ur friends. .. If 5 answers r d same then someone really loves u. Ques- which colour suits me the best?rply me
ham,Dude sux for snake. He got old and raiden got buff
ham,"Imagine you finally get to sink into that bath after I have put you through your paces, maybe even having you eat me for a while before I left ... But also imagine the feel of that cage on your cock surrounded by the bath water, reminding you always who owns you ... Enjoy, my cuck"
ham,\CAN I PLEASE COME UP NOW IMIN TOWN.DONTMATTER IF URGOIN OUTL8R
ham,He remains a bro amongst bros
ham,ÌÏ predict wat time Ì_'ll finish buying?
ham,"Thank you. And by the way, I just lost."
ham,"I'm home, my love ... If your still awake ... *loving kiss*"
ham,Stop calling everyone saying I might have cancer. My throat hurts to talk. I can't be answering everyones calls. If I get one more call I'm not babysitting on Monday
ham,Send his number and give reply tomorrow morning for why you said that to him like that ok
ham,Pandy joined 4w technologies today.he got job..
ham,Really? I crashed out cuddled on my sofa.
ham,Hey... are you going to quit soon? Xuhui and i working till end of the month 
ham,Dude ive been seeing a lotta corvettes lately
ham,Don no da:)whats you plan?
ham,There generally isn't one. It's an uncountable noun - u in the dictionary. pieces of research?
ham,"Yo, any way we could pick something up tonight?"
ham,"I don,t think so. You don't need to be going out that late on a school night. ESPECIALLY when the one class you have is the one you missed last wednesday and probably failed a test in on friday"
ham,Thank you. do you generally date the brothas?
ham,Do well :)all will for little time. Thing of good times ahead:
ham,I have no idea where you are
ham,"(I should add that I don't really care and if you can't I can at least get this dude to fuck off but hey, your money if you want it)"
ham,So what do you guys do.
ham,I know you are. Can you pls open the back?
ham,They are just making it easy to pay back. I have  &lt;#&gt; yrs to say but i can pay back earlier. You get?
ham,R u still working now?
ham,I take it we didn't have the phone callon Friday. Can we assume we won't have it this year now?
ham,U gd lor go shopping i got stuff to do. U wan 2 watch infernal affairs a not? Come lar...
ham,"Yeah I think my usual guy's still passed out from last night, if you get ahold of anybody let me know and I'll throw down"
ham,Hi kindly give us back our documents which we submitted for loan from STAPATI
ham,"Got fujitsu, ibm, hp, toshiba... Got a lot of model how to say..."
ham,"Hey sweet, I was wondering when you had a moment if you might come to me ? I want to send a file to someone but it won't go over yahoo for them because their connection sucks, remember when you set up that page for me to go to and download the format disc ? Could you tell me how to do that ? Or do you know some other way to download big files ? Because they can download stuff directly from the internet. Any help would be great, my prey ... *teasing kiss*"
ham,Just sing HU. I think its also important to find someone female that know the place well preferably a citizen that is also smart to help you navigate through. Even things like choosing a phone plan require guidance. When in doubt ask especially girls.
ham,I'm coming home 4 dinner.
ham,Fine i miss you very much.
ham,"Mum, hope you are having a great day. Hoping this text meets you well and full of life. Have a great day. Abiola"
spam,Sunshine Quiz Wkly Q! Win a top Sony DVD player if u know which country Liverpool played in mid week? Txt ansr to 82277. å£1.50 SP:Tyrone
ham,I'm fine. Hope you are also
ham,LMAO where's your fish memory when I need it?
ham,"We made it! Eta at taunton is 12:30 as planned, hope thatÛ÷s still okday?! Good to see you! :-xx"
ham,As in i want custom officer discount oh.
ham,"No shit, but I wasn't that surprised, so I went and spent the evening with that french guy I met in town here and we fooled around a bit but I didn't let him fuck me"
ham,In da car park 
ham,Correct. So how was work today
ham,HELLO PEACH! MY CAKE TASTS LUSH!
ham,Ok i found dis pierre cardin one which looks normal costs 20 its on sale.
ham,"Nah can't help you there, I've never had an iphone"
ham,"Sorry, I'll call later In meeting."
ham,ALSO TELL HIM I SAID HAPPY BIRTHDAY
ham,Well that must be a pain to catch
spam,"FREE MESSAGE Activate your 500 FREE Text Messages by replying to this message with the word FREE For terms & conditions, visit www.07781482378.com"
ham,I (Career Tel) have added u as a contact on INDYAROCKS.COM to send FREE SMS. To remove from phonebook - sms NO to  &lt;#&gt;
ham,Tmr then Ì_ brin lar... Aiya later i come n c lar... Mayb Ì_ neva set properly Ì_ got da help sheet wif Ì_...
ham,Yo guess what I just dropped
ham,Got it..mail panren paru..
ham,"\BOO BABE! U ENJOYIN YOURJOB? U SEEMED 2 B GETTIN ON WELL HUNNY!HOPE URE OK?TAKE CARE & IåÕLLSPEAK 2U SOONLOTS OF LOVEME XXXX.\"""""
ham,I have many dependents
spam,"You have been specially selected to receive a \3000 award! Call 08712402050 BEFORE the lines close. Cost 10ppm. 16+. T&Cs apply. AG Promo"""
spam,"Urgent -call 09066649731from Landline. Your complimentary 4* Ibiza Holiday or å£10,000 cash await collection SAE T&Cs PO BOX 434 SK3 8WP 150ppm 18+"
ham,Height of Confidence: All the Aeronautics professors wer calld &amp; they wer askd 2 sit in an aeroplane. Aftr they sat they wer told dat the plane ws made by their students. Dey all hurried out of d plane.. Bt only 1 didnt move... He said:\if it is made by my students
ham,"Oh fine, I'll be by tonight"
spam,"You've won tkts to the EURO2004 CUP FINAL or å£800 CASH, to collect CALL 09058099801 b4190604, POBOX 7876150ppm"
ham,"Sounds good, keep me posted"
spam,FREE for 1st week! No1 Nokia tone 4 ur mob every week just txt NOKIA to 8007 Get txting and tell ur mates www.getzed.co.uk POBox 36504 W45WQ norm150p/tone 16+
ham,I am getting threats from your sales executive Shifad as i raised complaint against him. Its an official message.
spam,WOW! The Boys R Back. TAKE THAT 2007 UK Tour. Win VIP Tickets & pre-book with VIP Club. Txt CLUB to 81303. Trackmarque Ltd info@vipclub4u.
spam,Free Top ringtone -sub to weekly ringtone-get 1st week free-send SUBPOLY to 81618-?3 per week-stop sms-08718727870
ham,"Aight, lemme know what's up"
ham,I know but you need to get hotel now. I just got my invitation but i had to apologise. Cali is to sweet for me to come to some english bloke's weddin
spam,"Wan2 win a Meet+Greet with Westlife 4 U or a m8? They are currently on what tour? 1)Unbreakable, 2)Untamed, 3)Unkempt. Text 1,2 or 3 to 83049. Cost 50p +std text"
ham,At what time are you coming.
ham,"'An Amazing Quote'' - \Sometimes in life its difficult to decide whats wrong!! a lie that brings a smile or the truth that brings a tear....\"""""
spam,"Win the newest ÛÏHarry Potter and the Order of the Phoenix (Book 5) reply HARRY, answer 5 questions - chance to be the first among readers!"
ham,No * am working on the ringing u thing but have whole houseful of screaming brats so * am pulling my hair out! Loving u
ham,Sday only joined.so training we started today:)
ham,"Hiya, probably coming home * weekend after next"
ham,Yes da. Any plm at ur office
ham,How many licks does it take to get to the center of a tootsie pop?
ham,"We have sent JD for Customer Service cum Accounts Executive to ur mail id, For details contact us"
ham,"alright, I'll make sure the car is back tonight"
ham,Oh is it! Which brand?
spam,You are a winner you have been specially selected to receive å£1000 cash or a å£2000 award. Speak to a live operator to claim call 087147123779am-7pm. Cost 10p
ham,Gain the rights of a wife.dont demand it.i am trying as husband too.Lets see
spam,85233 FREE>Ringtone!Reply REAL
ham,"Hiya, had a good day? Have you spoken to since the weekend?"
spam,PRIVATE! Your 2003 Account Statement for 07808247860 shows 800 un-redeemed S. I. M. points. Call 08719899229 Identifier Code: 40411 Expires 06/11/04
ham,Not a drop in the tank
ham,Yo im right by yo work
ham,"Lol ... Oh no babe, I wont be sliding into your place after midnight, but thanks for the invite"
ham,"By the way, make sure u get train to worc foregate street not shrub hill. Have fun night x"
ham,Company is very good.environment is terrific and food is really nice:)
ham,I wish! I don't think its gonna snow that much. But it will be more than those flurries we usually get that melt before they hit the ground. Eek! We haven't had snow since &lt;#&gt; before I was even born!
ham,I think just yourself Û_Thanks and see you tomo
spam,Babe: U want me dont u baby! Im nasty and have a thing 4 filthyguys. Fancy a rude time with a sexy bitch. How about we go slo n hard! Txt XXX SLO(4msgs)
ham,Yeah get the unlimited
ham,"Hi frnd, which is best way to avoid missunderstding wit our beloved one's?"
ham,Tomorrow i am not going to theatre. . . So i can come wherever u call me. . . Tell me where and when to come tomorrow
ham,I am 6 ft. We will be a good combination!
ham,Amazing : If you rearrange these letters it gives the same meaning... Dormitory = Dirty room Astronomer = Moon starer The eyes = They see Election results = Lies lets recount Mother-in-law = Woman Hitler Eleven plus two =Twelve plus one Its Amazing... !:-)
ham,Anything lor is she coming?
ham,I think it's all still in my car
ham,3 pa but not selected.
ham,Thanks for sending this mental ability question..
ham,"Please protect yourself from e-threats. SIB never asks for sensitive information like Passwords,ATM/SMS PIN thru email. Never share your password with anybody."
ham,I went to project centre
spam,"Last Chance! Claim ur å£150 worth of discount vouchers today! Text SHOP to 85023 now! SavaMob, offers mobile! T Cs SavaMob POBOX84, M263UZ. å£3.00 Sub. 16"
ham,Ok no prob. Take ur time.
ham,I'm glad. You are following your dreams.
ham,Wot about on wed nite I am 3 then but only til 9!
ham,Anyway seriously hit me up when you're back because otherwise I have to light up with armand and he always has shit and/or is vomiting
spam,U have a secret admirer who is looking 2 make contact with U-find out who they R*reveal who thinks UR so special-call on 09058094599
ham,Will you come online today night
ham,Ok . . now i am in bus. . If i come soon i will come otherwise tomorrow
ham,I am on the way to ur home
ham,Sitting ard nothing to do lor. U leh busy w work?
ham,Am on the uworld site. Am i buying the qbank only or am i buying it with the self assessment also?
ham,HARD BUT TRUE: How much you show &amp;  express your love to someone....that much it will hurt when they leave you or you get seperated...!ö´Ó_??Û¬ud evening...
ham,R u sure they'll understand that! Wine * good idea just had a slurp!
spam,"Thank you, winner notified by sms. Good Luck! No future marketing reply STOP to 84122 customer services 08450542832"
ham,"Hmm ok, i'll stay for like an hour cos my eye is really sore!"
ham,There are some nice pubs near here or there is Frankie n Bennys near the warner cinema?
ham,No she didnt. I will search online and let you know.
ham,"Well imma definitely need to restock before thanksgiving, I'll let you know when I'm out"
ham,No dear i do have free messages without any recharge. Hi hi hi
ham,K:)all the best:)congrats...
ham,Where did u go? My phone is gonna die you have to stay in here
ham,"I'm in solihull, | do you want anything?"
ham,One day a crab was running on the sea shore..The waves came n cleared the footprints of the crab.. Crab asked: being my frnd y r u clearing my beautiful footprints? Waves replied: A fox was following ur footprints to catch you! thats y i cleared it off:) frndsship never lets u dwn :-) GUD nyt..
ham,"Mmmmm ... It was sooooo good to wake to your words this morning, my Love!! Mmmm fuck ... I love you too, my Lion ... *devouring kiss from across the sea*"
ham,Ok lor...
ham,Networking job is there.
ham,"And stop wondering \wow is she ever going to stop tm'ing me ?!\"" because I will tm you whenever I want because you are MINE ... *laughs*"""
ham,Carry on not disturbing both of you
ham,He said i look pretty wif long hair wat. But i thk he's cutting quite short 4 me leh.
spam,"URGENT! You have won a 1 week FREE membership in our å£100,000 Prize Jackpot! Txt the word: CLAIM to No: 81010 T&C www.dbuk.net LCCLTD POBOX 4403LDNW1A7RW18"
ham,Mystery solved! Just opened my email and he's sent me another batch! Isn't he a sweetie
ham,"Party's at my place at usf, no charge (but if you can contribute in any way it is greatly appreciated) and yeah, we got room for one more"
ham,Oh god..taken the teeth?is it paining
ham,"Babe! How goes that day ? What are you up to ? I miss you already, my Love ... * loving kiss* ... I hope everything goes well."
ham,Mm i am on the way to railway
ham,"Dont search love, let love find U. Thats why its called falling in love, bcoz U dont force yourself, U just fall and U know there is smeone to hold U... BSLVYL"
ham,No:-)i got rumour that you going to buy apartment in chennai:-)
ham,K come to nordstrom when you're done
ham,Do u ever get a song stuck in your head for no reason and it won't go away til u listen to it like 5 times?
ham,"Happy or sad , one thing about past is- \Its no more\"" GOOD MORNING :-):-)."""
ham,Feel like trying kadeem again? :V
spam,"449050000301 You have won a å£2,000 price! To claim, call 09050000301."
spam,Txt: CALL to No: 86888 & claim your reward of 3 hours talk time to use from your phone now! Subscribe6GBP/mnth inc 3hrs 16 stop?txtStop www.gamb.tv
ham,excellent. I spent  &lt;#&gt;  years in the Air Force. Iraq and afghanistan. I am stable and honest. do you like traveling?
spam,Todays Vodafone numbers ending with 4882 are selected to a receive a å£350 award. If your number matches call 09064019014 to receive your å£350 award.
ham,I'm done...
ham,"Plz note: if anyone calling from a mobile Co. &amp; asks u to type # &lt;#&gt;  or # &lt;#&gt; . Do not do so. Disconnect the call,coz it iz an attempt of 'terrorist' to make use of the sim card no. Itz confirmd by nokia n motorola n has been verified by CNN IBN."
ham,Convey my regards to him
ham,He says hi and to get your ass back to south tampa (preferably at a kegger)
ham,Do u knw dis no. &lt;#&gt; ?
ham,Slept? I thinkThis time ( &lt;#&gt;  pm) is not dangerous
ham,Nope but i'm going home now then go pump petrol lor... Like going 2 rain soon...
ham,Nothing lor... A bit bored too... Then y dun u go home early 2 sleep today...
ham,Hi da:)how is the todays class?
ham,Oops my phone died and I didn't even know. Yeah I like it better.
ham,I will reach before ten morning
ham,I think its far more than that but find out. Check google maps for a place from your dorm.
ham,Hi! You just spoke to MANEESHA V. We'd like to know if you were satisfied with the experience. Reply Toll Free with Yes or No.
ham,What happen dear. Why you silent. I am tensed
ham,You are right though. I can't give you the space you want and need. This is really starting to become an issue. I was going to suggest setting a definite move out--if i'm still there-- after greece. But maybe you are ready and should do it now.
ham,soon you will have the real thing princess! Do i make you wet? :)
spam,You'll not rcv any more msgs from the chat svc. For FREE Hardcore services text GO to: 69988 If u get nothing u must Age Verify with yr network & try again
ham,For The First Time In The History 'Need' 'Comfort' And 'Luxury' Are Sold At Same Price In India..!! Onion-Rs. &lt;#&gt;  Petrol-Rs. &lt;#&gt;  Beer-Rs. &lt;#&gt;  SHESIL  &lt;#&gt;
ham,No management puzzeles.
ham,Hahaha..use your brain dear
ham,We're done...
ham,"Actually fuck that, just do whatever, do find an excuse to be in tampa at some point before january though"
ham,I thought slide is enough.
spam,"5 Free Top Polyphonic Tones call 087018728737, National Rate. Get a toppoly tune sent every week, just text SUBPOLY to 81618, å£3 per pole. UnSub 08718727870."
spam,lyricalladie(21/F) is inviting you to be her friend. Reply YES-910 or NO-910. See her: www.SMS.ac/u/hmmross STOP? Send STOP FRND to 62468
ham,Talk to g and x about that
ham,Is that on the telly? No its Brdget Jones!
ham,Or just do that 6times
ham,Just finished. Missing you plenty
spam,Ur cash-balance is currently 500 pounds - to maximize ur cash-in now send COLLECT to 83600 only 150p/msg. CC: 08718720201 PO BOX 114/14 TCR/W1
spam,U have a secret admirer. REVEAL who thinks U R So special. Call 09065174042. To opt out Reply REVEAL STOP. 1.50 per msg recd. Cust care 07821230901
ham,I hope you that's the result of being consistently intelligent and kind. Start asking him about practicum links and keep your ears open and all the best. ttyl
spam,Not heard from U4 a while. Call me now am here all night with just my knickers on. Make me beg for it like U did last time 01223585236 XX Luv Nikiyu4.net
ham,R u over scratching it?
spam,No 1 POLYPHONIC tone 4 ur mob every week! Just txt PT2 to 87575. 1st Tone FREE ! so get txtin now and tell ur friends. 150p/tone. 16 reply HL 4info
ham,Its sunny in california. The weather's just cool
ham,Hey i'm bored... So i'm thinking of u... So wat r u doing?
ham,I havent lei.. Next mon can?
spam,Camera - You are awarded a SiPix Digital Camera! call 09061221066 fromm landline. Delivery within 28 days.
ham,"Until 545 lor... Ya, can go 4 dinner together..."
ham,"Under the sea, there lays a rock. In the rock, there is an envelope. In the envelope, there is a paper. On the paper, there are 3 words... '"
ham,How do friends help us in problems? They give the most stupid suggestion that Lands us into another problem and helps us forgt the previous problem
ham,Howz that persons story
spam,"Latest Nokia Mobile or iPOD MP3 Player +å£400 proze GUARANTEED! Reply with: WIN to 83355 now! Norcorp Ltd.å£1,50/Mtmsgrcvd18+"
ham,"Trust me. Even if isn't there, its there."
ham,Lmao you know me so well...
ham,Nice talking to you! please dont forget my pix :) i want to see all of you...
spam,Would you like to see my XXX pics they are so hot they were nearly banned in the uk!
spam,"Today's Offer! Claim ur å£150 worth of discount vouchers! Text YES to 85023 now! SavaMob, member offers mobile! T Cs 08717898035. å£3.00 Sub. 16 . Unsub reply X"
ham,Yeah I'll try to scrounge something up
ham,"Poyyarikatur,kolathupalayam,unjalur post,erode dis, &lt;#&gt; ."
spam,"This is the 2nd time we have tried 2 contact u. U have won the å£750 Pound prize. 2 claim is easy, call 087187272008 NOW1! Only 10p per minute. BT-national-rate."
ham,He telling not to tell any one. If so treat for me hi hi hi
ham,Nobody can decide where to eat and dad wants Chinese
ham,Gud mrng dear hav a nice day
ham,"Friendship is not a game to play, It is not a word to say, It doesn\'t start on March and ends on May, It is tomorrow, yesterday, today and e"
spam,FREE>Ringtone! Reply REAL or POLY eg REAL1 1. PushButton 2. DontCha 3. BabyGoodbye 4. GoldDigger 5. WeBeBurnin 1st tone FREE and 6 more when u join for å£3/wk
ham,Its a valentine game. . . send dis msg to all ur friends. . If 5 answers r d same then someone really loves u. . Ques- which colour suits me the best?
ham,And I don't plan on staying the night but I prolly won't be back til late
ham,You can jot down things you want to remember later.
ham,"Aight no rush, I'll ask jay"
ham,"Yeah, we can probably swing by once my roommate finishes up with his girl"
ham,hope things went well at 'doctors' ;) reminds me i still need 2go.did u c d little thing i left in the lounge?
ham,The length is e same but e top shorter n i got a fringe now. I thk i'm not going liao. Too lazy. Dun wan 2 distract u also.
ham,I asked you to call him now ok
ham,"Love isn't a decision, it's a feeling. If we could decide who to love, then, life would be much simpler, but then less magical"
ham,"Hi, wlcome back, did wonder if you got eaten by a lion or something, nothing much"
ham,"Sorry, I'll call later"
spam,"Double mins and txts 4 6months FREE Bluetooth on Orange. Available on Sony, Nokia Motorola phones. Call MobileUpd8 on 08000839402 or call2optout/N9DX"
ham,Yeah we do totes. When u wanna?
ham,BABE !!! I miiiiiiissssssssss you ! I need you !!! I crave you !!! :-( ... Geeee ... I'm so sad without you babe ... I love you ...
spam,Please CALL 08712402972 immediately as there is an urgent message waiting for you
ham,Probably money worries. Things are coming due and i have several outstanding invoices for work i did two and three months ago.
ham,I hope you know I'm still mad at you.
ham,Tell me pa. How is pain de.
ham,In other news after hassling me to get him weed for a week andres has no money. HAUGHAIGHGTUJHYGUJ
ham,K fyi x has a ride early tomorrow morning but he's crashing at our place tonight
ham,"Garbage bags, eggs, jam, bread, hannaford wheat chex"
ham,So i could kiss and feel you next to me...
ham,Boo what time u get out? U were supposed to take me shopping today. :(
ham,I hate when she does this. She turns what should be a fun shopping trip into an annoying day of how everything would look in her house.
ham,You still coming tonight?
ham,"Haha awesome, I've been to 4u a couple times. Who all's coming?"
ham,"K I'm ready,  &lt;#&gt; ?"
ham,Today is ACCEPT DAY..U Accept me as? Brother Sister Lover Dear1 Best1 Clos1 Lvblefrnd Jstfrnd Cutefrnd Lifpartnr Belovd Swtheart Bstfrnd No rply means enemy
ham,"idc get over here, you are not weaseling your way out of this shit twice in a row"
ham,At home by the way
ham,"Sorry, got a late start, we're on the way"
ham,No sir. That's why i had an 8-hr trip on the bus last week. Have another audition next wednesday but i think i might drive this time.
ham,I don wake since. I checked that stuff and saw that its true no available spaces. Pls call the embassy or send a mail to them.
ham,"Thanks again for your reply today. When is ur visa coming in. And r u still buying the gucci and bags. My sister things are not easy, uncle john also has his own bills so i really need to think about how to make my own money. Later sha."
ham,Sure but since my parents will be working on Tuesday I don't really need a cover story
ham,Hello! How's you and how did saturday go? I was just texting to see if you'd decided to do anything tomo. Not that i'm trying to invite myself or anything!
spam,Free video camera phones with Half Price line rental for 12 mths and 500 cross ntwk mins 100 txts. Call MobileUpd8 08001950382 or Call2OptOut/674
ham,Yes. that will be fine. Love you. Be safe.
ham,Don't look back at the building because you have no coat and i don't want you to get more sick. Just hurry home and wear a coat to the gym!!!
ham,Am slow in using biola's fne
ham,Reverse is cheating. That is not mathematics.
ham,That's y i said it's bad dat all e gals know u... Wat u doing now?
ham,Apps class varaya elaya.
spam,We have new local dates in your area - Lots of new people registered in YOUR AREA. Reply DATE to start now! 18 only www.flirtparty.us REPLYS150
ham,Okay name ur price as long as its legal! Wen can I pick them up? Y u ave x ams xx
spam,"Final Chance! Claim ur å£150 worth of discount vouchers today! Text YES to 85023 now! SavaMob, member offers mobile! T Cs SavaMob POBOX84, M263UZ. å£3.00 Subs 16"
ham,When/where do I pick you up
ham,Where can download clear movies. Dvd copies.
ham," says that he's quitting at least5times a day so i wudn't take much notice of that. Nah, she didn't mind. Are you gonna see him again? Do you want to come to taunton tonight? U can tell me all about !"
ham,"Yes but i dont care! I need you bad, princess!"
ham,This is ur face test ( 1 2 3 4 5 6 7 8 9  &lt;#&gt;  ) select any number i will tell ur face astrology.... am waiting. quick reply...
spam,IMPORTANT INFORMATION 4 ORANGE USER 0796XXXXXX. TODAY IS UR LUCKY DAY!2 FIND OUT WHY LOG ONTO http://www.urawinner.com THERE'S A FANTASTIC PRIZEAWAITING YOU!
ham,Yes but I don't care cause I know its there!
ham,"It,,s a taxt massage....tie-pos argh ok! Lool!"
ham,Think I could stop by in like an hour or so? My roommate's looking to stock up for a trip
spam,"URGENT! Your Mobile No was awarded a å£2,000 Bonus Caller Prize on 1/08/03! This is our 2nd attempt to contact YOU! Call 0871-4719-523 BOX95QU BT National Rate"
ham,Oh yeah! And my diet just flew out the window
ham,IÛ÷m parked next to a MINI!!!! When are you coming in today do you think?
spam,"500 New Mobiles from 2004, MUST GO! Txt: NOKIA to No: 89545 & collect yours today!From ONLY å£1 www.4-tc.biz 2optout 087187262701.50gbp/mtmsg18 TXTAUCTION"
ham,Wat time r Ì_ going to xin's hostel?
ham,Dont flatter yourself... Tell that man of mine two pints of carlin in ten minutes please.... 
ham,Omg you can make a wedding chapel in frontierville? Why do they get all the good stuff?
spam,"Congratulations - Thanks to a good friend U have WON the å£2,000 Xmas prize. 2 claim is easy, just call 08712103738 NOW! Only 10p per minute. BT-national-rate"
ham,Dear i have reache room
ham,Dear got train and seat mine lower seat
ham,"Do whatever you want. You know what the rules are. We had a talk earlier this week about what had to start happening, you showing responsibility. Yet, every week it's can i bend the rule this way? What about that way? Do whatever. I'm tired of having thia same argument with you every week. And a  &lt;#&gt;  movie DOESNT inlude the previews. You're still getting in after 1."
ham,Huh so late... Fr dinner?
ham,I'm done oredi...
ham,Do u noe wat time e place dat sells 4d closes?
ham,You will be in the place of that man
ham,That's a shame! Maybe cld meet for few hrs tomo?
ham,"I wonder if your phone battery went dead ? I had to tell you, I love you babe"
spam,We currently have a message awaiting your collection. To collect your message just call 08718723815.
spam,"Got what it takes 2 take part in the WRC Rally in Oz? U can with Lucozade Energy! Text RALLY LE to 61200 (25p), see packs or lucozade.co.uk/wrc & itcould be u!"
ham,Near kalainar tv office.thenampet
ham,Just getting back home
ham,Were somewhere on Fredericksburg
spam,-PLS STOP bootydelious (32/F) is inviting you to be her friend. Reply YES-434 or NO-434 See her: www.SMS.ac/u/bootydelious STOP? Send STOP FRND to 62468
ham,I'm leaving my house now.
ham,Sounds great! Im going to sleep now. Have a good night!
ham,Hey i've booked the pilates and yoga lesson already... Haha
ham,I don't quite know what to do. I still can't get hold of anyone. I cud pick you up bout 7.30pm and we can see if they're in the pub?
ham,Whatsup there. Dont u want to sleep
ham,"\SYMPTOMS\"" when U are in love: \""1.U like listening songs 2.U get stopped where u see the name of your beloved 3.U won't get angry when your"""
ham,I to am looking forward to all the sex cuddling.. Only two more sleeps 
ham,I have to take exam with in march 3
ham,ÌÏ all write or wat..
ham,No I'm in the same boat. Still here at my moms. Check me out on yo. I'm half naked.
ham,"ThatÛ÷s the thing with apes, u can fight to the death to keep something, but the minute they have it when u let go, thats it!"
ham,U can call me now...
ham,HI DARLIN IVE JUST GOT BACK AND I HAD A REALLY NICE NIGHT AND THANKS SO MUCH FOR THE LIFT SEE U TOMORROW XXX
ham,MAKE SURE ALEX KNOWS HIS BIRTHDAY IS OVER IN FIFTEEN MINUTES AS FAR AS YOU'RE CONCERNED
ham,"It doesnt make sense to take it there unless its free. If you need to know more, wikipedia.com"
spam,"You are guaranteed the latest Nokia Phone, a 40GB iPod MP3 player or a å£500 prize! Txt word: COLLECT to No: 83355! IBHltd LdnW15H 150p/Mtmsgrcvd18"
ham,Yes i thought so. Thanks.
ham,Sorry . I will be able to get to you. See you in the morning.
ham,ALRITE SAM ITS NIC JUST CHECKIN THAT THIS IS UR NUMBER-SO IS IT?T.B*
ham,Where are the garage keys? They aren't on the bookshelf
ham,What time you coming down later? 
ham,"So many people seems to be special at first sight, But only very few will remain special to you till your last sight.. Maintain them till life ends.. Sh!jas"
ham,Happy New year my dear brother. I really do miss you. Just got your number and decided to send you this text wishing you only happiness. Abiola
ham,"He has lots of used ones babe, but the model doesn't help. Youi have to bring it over and he'll match it up"
ham,"Sir, Waiting for your mail."
ham,Lol ok your forgiven :)
spam,"You are being contacted by our Dating Service by someone you know! To find out who it is, call from your mobile or landline 09064017305 PoBox75LDNS7 "
ham,Oh all have to come ah?
ham,Den wat will e schedule b lk on sun?
ham,"Rose for red,red for blood,blood for heart,heart for u. But u for me.... Send tis to all ur friends.. Including me.. If u like me.. If u get back, 1-u r poor in relation! 2-u need some 1 to support 3-u r frnd 2 many 4-some1 luvs u 5+- some1 is praying god to marry u.:-) try it...."
ham,I meant as an apology from me for texting you to get me drugs at  &lt;#&gt; at night
ham,Ok then no need to tell me anything i am going to sleep good night
ham,No calls..messages..missed calls
ham,Yes I started to send requests to make it but pain came back so I'm back in bed. Double coins at the factory too. I gotta cash in all my nitros.
spam,Do you want a new Video phone? 600 anytime any network mins 400 Inclusive Video calls AND downloads 5 per week Free delTOMORROW call 08002888812 or reply NOW
ham,Nope i'm not drivin... I neva develop da photos lei...
ham,Can you say what happen
ham,"Babe, have you got enough money to pick up bread and milk ? And I'll give you it back when you get home ?"
ham,"Aiyo... U always c our ex one... I dunno abt mei, she haven reply... First time u reply so fast... Y so lucky not workin huh, got bao by ur sugardad ah...gee.. "
ham,I told your number to gautham..
spam,Last chance 2 claim ur å£150 worth of discount vouchers-Text YES to 85023 now!SavaMob-member offers mobile T Cs 08717898035. å£3.00 Sub. 16 . Remove txt X or STOP
ham,You'd like that wouldn't you? Jerk!
ham,I'm in school now n i'll be in da lab doing some stuff give me a call when Ì_ r done.
ham,Ok... Help me ask if she's working tmr a not?
ham,If u sending her home first it's ok lor. I'm not ready yet.
ham,"Nimbomsons. Yep phone knows that one. Obviously, cos thats a real word"
ham,Nope... C Ì_ then...
spam,SMS. ac sun0819 posts HELLO:\You seem cool
ham,hi my darlin im on my way to London and we have just been smashed into by another driver! and have a big dent! im really missing u what have u been up to? xxx
ham,"I'm back, lemme know when you're ready"
ham,Haha... Hope Ì_ can hear the receipt sound... Gd luck!
ham,I've told you everything will stop. Just dont let her get dehydrated.
ham,K:)eng rocking in ashes:)
ham,"Looks like you found something to do other than smoke, great job!"
ham,As per your request 'Melle Melle (Oru Minnaminunginte Nurungu Vettam)' has been set as your callertune for all Callers. Press *9 to copy your friends Callertune
ham,Sat right? Okay thanks... 
ham,I'm watching lotr w my sis dis aft. So u wan 2 meet me 4 dinner at nite a not?
ham,That's my honeymoon outfit. :)
spam,"Congrats! 2 mobile 3G Videophones R yours. call 09061744553 now! videochat wid ur mates, play java games, Dload polyH music, noline rentl. bx420. ip4. 5we. 150pm"
ham,I taught that Ranjith sir called me. So only i sms like that. Becaus hes verifying about project. Prabu told today so only pa dont mistake me..
spam,Text BANNEDUK to 89555 to see! cost 150p textoperator g696ga 18+ XXX
ham,Whom you waited for yesterday
ham,K:)k..its good:)when are you going?
ham,I gotta collect da car at 6 lei.
ham,Ard 4 lor...
ham,"K, can I pick up another 8th when you're done?"
spam,Santa calling! Would your little ones like a call from Santa Xmas Eve? Call 09077818151 to book you time. Calls1.50ppm last 3mins 30s T&C www.santacalling.com
ham,"Sorry, I'll call later ok bye"
ham,Prakesh is there know.
ham,Ugh my leg hurts. Musta overdid it on mon.
ham,None of that's happening til you get here though
ham,Ok... Take ur time n enjoy ur dinner...
ham,Good afternoon starshine! How's my boytoy? Does he crave me yet? Ache to fuck me ? *sips cappuccino* I miss you babe *teasing kiss*
spam,3. You have received your mobile content. Enjoy
ham,Ok then i will come to ur home after half an hour
ham,"Cool, want me to go to kappa or should I meet you outside mu"
ham,Or better still can you catch her and let ask her if she can sell  &lt;#&gt;  for me.
ham,Just got up. have to be out of the room very soon. Û_. i hadn't put the clocks back til at 8 i shouted at everyone to get up and then realised it was 7. wahay. another hour in bed.
ham,I want to tel u one thing u should not mistake me k THIS IS THE MESSAGE THAT YOU SENT:)
ham,U call me alter at 11 ok.
spam,"Did you hear about the new \Divorce Barbie\""? It comes with all of Ken's stuff!"""
spam,Freemsg: 1-month unlimited free calls! Activate SmartCall Txt: CALL to No: 68866. Subscriptn3gbp/wk unlimited calls Help: 08448714184 Stop?txt stop landlineonly
ham,Cause I'm not freaky lol
ham,Tired. I haven't slept well the past few nights.
ham,"Theoretically yeah, he could be able to come"
ham,ÌÏ got wat to buy tell us then Ì_ no need to come in again.
spam,Ur cash-balance is currently 500 pounds - to maximize ur cash-in now send GO to 86688 only 150p/meg. CC: 08718720201 HG/Suite342/2lands Row/W1j6HL
ham,Yep then is fine 7.30 or 8.30 for ice age.
ham,Jus telling u dat i'll b leaving 4 shanghai on 21st instead so we'll haf more time 2 meet up cya...
ham,Aiyah then i wait lor. Then u entertain me. Hee...
ham,They just talking thats it de. They wont any other.
spam,"Hi this is Amy, we will be sending you a free phone number in a couple of days, which will give you an access to all the adult parties..."
ham,What happened to our yo date?
ham,We left already we at orchard now.
ham,I will reach ur home in  &lt;#&gt;  minutes
spam,"Double mins and txts 4 6months FREE Bluetooth on Orange. Available on Sony, Nokia Motorola phones. Call MobileUpd8 on 08000839402 or call2optout/N9DX"
ham,Its good to hear from you
ham,"Urgh, coach hot, smells of chip fat! Thanks again, especially for the duvet (not a predictive text word)."
spam,Moby Pub Quiz.Win a å£100 High Street prize if u know who the new Duchess of Cornwall will be? Txt her first name to 82277.unsub STOP å£1.50 008704050406 SP Arrow
ham,Die... Now i have e toot fringe again...
ham,Lol u still feeling sick?
ham,"HELLOGORGEOUS, HOWS U? MY FONE WAS ON CHARGE LST NITW WEN U TEXD ME. HOPEU AD A NICE WKEND AS IM SURE U DID LOOKIN 4WARD 2 C-IN U 2MRW LUV JAZ"
spam,A å£400 XMAS REWARD IS WAITING FOR YOU! Our computer has randomly picked you from our loyal mobile customers to receive a å£400 reward. Just call 09066380611 
ham,Have a nice day my dear.
ham,"Just making dinner, you ?"
ham,Well good morning mr . Hows london treatin' ya treacle?
ham,Yoyyooo u know how to change permissions for a drive in mac. My usb flash drive
ham,On the way to office da..
ham,Got it! It looks scrumptious... daddy wants to eat you all night long!
spam,EASTENDERS TV Quiz. What FLOWER does DOT compare herself to? D= VIOLET E= TULIP F= LILY txt D E or F to 84025 NOW 4 chance 2 WIN å£100 Cash WKENT/150P16+
ham,Why do you ask princess?
ham,I'm ok. Will do my part tomorrow
ham,Gr8. So how do you handle the victoria island traffic. Plus when's the album due
ham,Hey i will be late... i'm at amk. Need to drink tea or coffee
ham,"Cool, what time you think you can get here?"
ham,So now my dad is gonna call after he gets out of work and ask all these crazy questions.
ham,Mom wants to know where you at
ham,Hi Petey!noiåÕm ok just wanted 2 chat coz avent spoken 2 u 4 a long time-hope ur doin alrite.have good nit at js love ya am.x
ham,"What are you doing in langport? Sorry, but I'll probably be in bed by 9pm. It sucks being ill at xmas! When do you and go2sri lanka? "
ham,There's someone here that has a year  &lt;#&gt;  toyota camry like mr olayiwola's own. Mileage is  &lt;#&gt; k.its clean but i need to know how much will it sell for. If i can raise the dough for it how soon after landing will it sell. Holla back.
ham,Are you willing to go for aptitude class.
ham,Gudnite....tc...practice going on
ham,No. I meant the calculation is the same. That  &lt;#&gt; units at  &lt;#&gt; . This school is really expensive. Have you started practicing your accent. Because its important. And have you decided if you are doing 4years of dental school or if you'll just do the nmde exam.
ham,Long time. You remember me today.
ham,"Dear Sir,Salam Alaikkum.Pride and Pleasure meeting you today at the Tea Shop.We are pleased to send you our contact number at Qatar.Rakhesh an Indian.Pls save our Number.Respectful Regards."
ham,WHAT TIME U WRKIN?
ham,Already am squatting is the new way of walking
ham,I forgot 2 ask Ì_ all smth.. There's a card on da present lei... How? ÌÏ all want 2 write smth or sign on it?
ham,Tension ah?what machi?any problem?
ham,Your bill at 3 is å£33.65 so thats not bad!
spam,You are a winner U have been specially selected 2 receive å£1000 cash or a 4* holiday (flights inc) speak to a live operator 2 claim 0871277810810
ham,says the  &lt;#&gt;  year old with a man and money. I'm down to my last  &lt;#&gt; . Still waiting for that check.
ham,K..k..i'm also fine:)when will you complete the course?
ham,"wow. You're right! I didn't mean to do that. I guess once i gave up on boston men and changed my search location to nyc, something changed. Cuz on my signin page it still says boston."
ham,Actually i deleted my old website..now i m blogging at magicalsongs.blogspot.com
ham,Okie
ham,Dont let studying stress you out. L8r.
spam,UÛªve Bin Awarded å£50 to Play 4 Instant Cash. Call 08715203028 To Claim. EVERY 9th Player Wins Min å£50-å£500. OptOut 08718727870
ham,Did you show him and wot did he say or could u not c him 4 dust?
ham,"Hmm, too many of them unfortunately... Pics obviously arent hot cakes. Its kinda fun tho"
ham,Somebody should go to andros and steal ice
ham,Din i tell u jus now 420
ham,"\OH FUCK. JUSWOKE UP IN A BED ON A BOATIN THE DOCKS. SLEPT WID 25 YEAR OLD. SPINOUT! GIV U DA GOSSIP L8R. XXX\"""""
ham,Ha ha - had popped down to the loo when you hello-ed me. Hello!
ham,Hi. || Do u want | to join me with sts later? || Meeting them at five. || Call u after class.
ham,Hmm .. Bits and pieces lol ... *sighs* ...
ham,Hey... What time is your driving on fri? We go for evaluation on fri?
ham,Usually the person is unconscious that's in children but in adults they may just behave abnormally. I.ll call you now
ham,Heart is empty without love.. Mind is empty without wisdom.. Eyes r empty without dreams &amp; Life is empty without frnds.. So Alwys Be In Touch. Good night &amp; sweet dreams
ham,"Mostly sports type..lyk footbl,crckt.."
ham,"Tunde, how are you doing. This is just wishing you a great day. Abiola."
ham,Not yet had..ya sapna aunty manege y'day hogidhe..chinnu full weak and swalpa black agidhane..
ham,I'm vivek:)i got call from your number.
ham,"You are everywhere dirt, on the floor, the windows, even on my shirt. And sometimes when i open my mouth, you are all that comes flowing out. I dream of my world without you, then half my chores are out too. A time of joy for me, lots of tv shows i.ll see. But i guess like all things you just must exist, like rain, hail and mist, and when my time here is done, you and i become one."
ham,How stupid to say that i challenge god.You dont think at all on what i write instead you respond immed.
ham,Jus finish blowing my hair. U finish dinner already?
ham,"Evry Emotion dsn't hav Words.Evry Wish dsn't hav Prayrs.. If u Smile,D World is wit u.Othrwise even d Drop of Tear dsn't lik 2 Stay wit u.So b happy.. Good morning, keep smiling:-)"
ham,Just do what ever is easier for you
ham,"Goodnight, sleep well da please take care pa. Please."
ham,I only haf msn. It's yijue@hotmail.com
ham,"Hey, iouri gave me your number, I'm wylie, ryan's friend"
ham,Hi im having the most relaxing time ever! we have to get up at 7am every day! was the party good the other night? I get home tomorrow at 5ish.
ham,Wat makes some people dearer is not just de happiness dat u feel when u meet them but de pain u feel when u miss dem!!!
ham,I'm reaching home in 5 min.
ham,Good Morning my Dear........... Have a great &amp; successful day.
ham,:( but your not here....
ham,I bought the test yesterday. Its something that lets you know the exact day u ovulate.when will get 2u in about 2 to 3wks. But pls pls dont fret. I know u r worried. Pls relax. Also is there anything in ur past history u need to tell me?
ham,Am okay. Will soon be over. All the best
ham,How are you. Wish you a great semester
ham,I know a few people I can hit up and fuck to the yes
spam,Free entry in 2 a wkly comp to win FA Cup final tkts 21st May 2005. Text FA to 87121 to receive entry question(std txt rate)T&C's apply 08452810075over18's
spam,We tried to contact you re your reply to our offer of a Video Phone 750 anytime any network mins Half Price Line Rental Camcorder Reply or call 08000930705
ham,Sounds better than my evening im just doing my costume. Im not sure what time i finish tomorrow but i will txt you at the end.
ham,HI DARLIN I FINISH AT 3 DO U 1 2 PICK ME UP OR MEET ME? TEXT BACK ON THIS NUMBER LUV KATE XXX
ham,Did u turn on the heater? The heater was on and set to &lt;#&gt; degrees.
ham,Get me out of this dump heap. My mom decided to come to lowes. BORING.
ham,I might go 2 sch. Yar at e salon now v boring.
ham,"Good afternoon, my love! How goes that day ? I hope maybe you got some leads on a job. I think of you, boytoy and send you a passionate kiss from across the sea"
ham,I'm always looking for an excuse to be in the city.
spam,We tried to contact you re your reply to our offer of a Video Handset? 750 anytime any networks mins? UNLIMITED TEXT? Camcorder? Reply or call 08000930705 NOW
ham,Gud ni8.swt drms.take care
ham,Then anything special?
ham,Nope watching tv at home... Not going out. V bored...
ham,Wat uniform? In where get?
ham,"Ya, i'm referin to mei's ex wat... No ah, waitin 4 u to treat, somebody shld b rich liao...So gd, den u dun have to work frm tmr onwards..."
ham,Ugh just got outta class
ham,Nvm... I'm going to wear my sport shoes anyway... I'm going to be late leh.
ham,I like dis sweater fr mango but no more my size already so irritating.
ham,From someone not to smoke when every time I've smoked in the last two weeks is because of you calling or texting me that you wanted to smoke
ham,Is it ok if I stay the night here? Xavier has a sleeping bag and I'm getting tired
ham,Not directly behind... Abt 4 rows behind Ì_...
ham,Guess which pub im in? Im as happy as a pig in clover or whatever the saying is! 
ham,Or remind me in a few hrs.
ham,"\ME 2 BABE I FEEL THE SAME LETS JUST 4GET ABOUT IT+BOTH TRY +CHEER UP+NOT FIT SOO MUCHXXLOVE U LOCAXX\"""""
ham,Yup i shd haf ard 10 pages if i add figures... ÌÏ all got how many pages?
spam,You will be receiving this week's Triple Echo ringtone shortly. Enjoy it!
ham,Talk With Yourself Atleast Once In A Day...!!! Otherwise You Will Miss Your Best FRIEND In This WORLD...!!! -Shakespeare- SHESIL  &lt;#&gt;
ham,Hello my little party animal! I just thought I'd buzz you as you were with your friends ...*grins*... Reminding you were loved and send a naughty adoring kiss
ham,Can't. I feel nauseous. I'm so pissed. I didn't eat any sweets all week cause today I was planning to pig out. I was dieting all week. And now I'm not hungry :/
spam,URGENT! We are trying to contact U. Todays draw shows that you have won a å£2000 prize GUARANTEED. Call 09058094507 from land line. Claim 3030. Valid 12hrs only
ham,Dear good morning now only i am up
spam,Well done ENGLAND! Get the official poly ringtone or colour flag on yer mobile! text TONE or FLAG to 84199 NOW! Opt-out txt ENG STOP. Box39822 W111WX å£1.50
ham,Where at were hungry too
ham,Eek that's a lot of time especially since American Pie is like 8 minutes long. I can't stop singing it.
ham,What's a feathery bowa? Is that something guys have that I don't know about?
ham,I keep ten rs in my shelf:) buy two egg.
ham,S:)8 min to go for lunch:)
spam,December only! Had your mobile 11mths+? You are entitled to update to the latest colour camera mobile for Free! Call The Mobile Update VCo FREE on 08002986906 
ham,Never y lei... I v lazy... Got wat? Dat day Ì_ send me da url cant work one...
ham,I am in escape theatre now. . Going to watch KAVALAN in a few minutes
spam,Kit Strip - you have been billed 150p. Netcollex Ltd. PO Box 1013 IG11 OJA
ham,Yes:)here tv is always available in work place..
ham,"Neither [in sterm voice] - i'm studying. All fine with me! Not sure the  thing will be resolved, tho. Anyway. Have a fab hols"
ham,10 min later k...
ham,Why did I wake up on my own &gt;:(
ham,Ok.ok ok..then..whats ur todays plan
ham,hanks lotsly!
ham,I have no money 4 steve mate! !
ham,This phone has the weirdest auto correct.
ham,Waiting 4 my tv show 2 start lor... U leh still busy doing ur report?
ham,"Me, i dont know again oh"
spam,"Call 09094100151 to use ur mins! Calls cast 10p/min (mob vary). Service provided by AOM, just GBP5/month. AOM Box61,M60 1ER until u stop. Ages 18+ only!"
ham,Pls what's the full name of joke's school cos fees in university of florida seem to actually be  &lt;#&gt; k. Pls holla back
spam,FREE camera phones with linerental from 4.49/month with 750 cross ntwk mins. 1/2 price txt bundle deals also avble. Call 08001950382 or call2optout/J MF
ham,Nah im goin 2 the wrks with j wot bout u?
ham,Ok
ham,Hey hun-onbus goin 2 meet him. He wants 2go out 4a meal but I donyt feel like it cuz have 2 get last bus home!But hes sweet latelyxxx
ham,"Especially since i talk about boston all up in my personal statement, lol! I woulda changed that if i had realized it said nyc! It says boston now."
ham,Btw regarding that we should really try to see if anyone else can be our 4th guy before we commit to a random dude
ham,You could have seen me..i did't recognise you Face.:)
ham,Your pussy is perfect!
spam,"SMS SERVICES. for your inclusive text credits, pls goto www.comuk.net login= 3qxj9 unsubscribe with STOP, no extra charge. help 08702840625.COMUK. 220-CM2 9AE"
ham,"New Theory: Argument wins d SITUATION, but loses the PERSON. So dont argue with ur friends just.. . . . kick them &amp; say, I'm always correct.!"
ham,Lmao. Take a pic and send it to me.
spam,Congratulations ur awarded either a yrs supply of CDs from Virgin Records or a Mystery Gift GUARANTEED Call 09061104283 Ts&Cs www.smsco.net å£1.50pm approx 3mins
ham,K.k:)when are you going?
ham,I finished my lunch already. U wake up already?
ham,She's fine. Sends her greetings
ham,I canåÕt wait for cornwall. Hope tonight isnåÕt too bad as well but itåÕs rock night shite. Anyway iåÕm going for a kip now have a good night. Speak to you soon.
ham,I can do that! I want to please you both inside and outside the bedroom...
ham,Well if I'm that desperate I'll just call armand again
ham,Today is ACCEPT DAY..U Accept me as? Brother Sister Lover Dear1 Best1 Clos1 Lvblefrnd Jstfrnd Cutefrnd Lifpartnr Belovd Swtheart Bstfrnd No rply means enemy
ham,Dear where you will be when i reach there
ham,Mine here like all fr china then so noisy.
ham,Are you plans with your family set in stone ?
ham,On the road so cant txt
ham,"Hi. Wk been ok - on hols now! Yes on for a bit of a run. Forgot that i have hairdressers appointment at four so need to get home n shower beforehand. Does that cause prob for u?\""ham"""
ham,At WHAT TIME should i come tomorrow
spam,Text & meet someone sexy today. U can find a date or even flirt its up to U. Join 4 just 10p. REPLY with NAME & AGE eg Sam 25. 18 -msg recd@thirtyeight pence
ham,"He is impossible to argue with and he always treats me like his sub, like he never released me ... Which he did and I will remind him of that if necessary"
ham,"Storming msg: Wen u lift d phne, u say \HELLO\"" Do u knw wt is d real meaning of HELLO?? . . . It's d name of a girl..! . . . Yes.. And u knw who is dat girl?? \""Margaret Hello\"" She is d girlfrnd f Grahmbell who invnted telphone... . . . . Moral:One can 4get d name of a person"
ham,I wanted to wish you a Happy New Year and I wanted to talk to you about some legal advice to do with when Gary and I split but in person. I'll make a trip to Ptbo for that. I hope everything is good with you babe and I love ya :)
ham,"And that's fine, I got enough bud to last most of the night at least"
ham,Lovely smell on this bus and it ain't tobacco... 
ham,I'm in office now da:)where are you?
ham,"No we put party 7 days a week and study lightly, I think we need to draw in some custom checkboxes so they know we're hardcore"
ham,I thk u dun haf 2 hint in e forum already lor... Cos i told ron n darren is going 2 tell shuhui.
ham,ÌÏ no home work to do meh... 
ham,Convey my regards to him
spam,"complimentary 4 STAR Ibiza Holiday or å£10,000 cash needs your URGENT collection. 09066364349 NOW from Landline not to lose out! Box434SK38WP150PPM18+"
ham,Dont think you need yellow card for uk travel. Ask someone that has gone before. If you do its just  &lt;#&gt; bucks
ham,Huh so fast... Dat means u havent finished painting?
ham,Should I tell my friend not to come round til like  &lt;#&gt; ish?
ham,U don't remember that old commercial?
ham,"To the wonderful Okors, have a great month. We cherish you guys and wish you well each day. MojiBiola"
ham,Are u coming to the funeral home
ham,"Dear,shall mail tonite.busy in the street,shall update you tonite.things are looking ok.varunnathu edukkukayee raksha ollu.but a good one in real sense."
ham,Thanx 4 2day! U r a goodmate I THINK UR RITE SARY! ASUSUAL!1 U CHEERED ME UP! LOVE U FRANYxxxxx
ham,Hey company elama po mudyadhu.
ham,Depends on where u going lor.
ham,Ok u can take me shopping when u get paid =D
ham,Ron say fri leh. N he said ding tai feng cant make reservations. But he said wait lor.
ham,I have 2 docs appointments next week.:/ I'm tired of them shoving stuff up me. Ugh why couldn't I have had a normal body?
ham,Its worse if if uses half way then stops. Its better for him to complete it.
ham,I sent lanre fakeye's Eckankar details to the mail box
ham,You've already got a flaky parent. It'snot supposed to be the child's job to support the parent...not until they're The Ride age anyway. I'm supposed to be there to support you. And now i've hurt you. unintentional. But hurt nonetheless.
ham,Well then you have a great weekend!
ham,Beauty sleep can help ur pimples too.
ham,And by when you're done I mean now
ham,"K, I might come by tonight then if my class lets out early"
ham,I didnt get anything da
ham,So u workin overtime nigpun?
ham,am up to my eyes in philosophy
ham,"Whatever, juliana. Do whatever you want."
ham,Pls give her the food preferably pap very slowly with loads of sugar. You can take up to an hour to give it. And then some water. Very very slowly.
ham,Good words.... But words may leave u in dismay many times.
ham,Dude how do you like the buff wind.
ham,S s..first time..dhoni rocks...
ham,My sister cleared two round in birla soft yesterday.
ham,"No dude, its not fake..my frnds got money, thts y i'm reffering u..if u member wit my mail link, u vl be credited  &lt;#&gt; rs and il be getiing  &lt;#&gt; rs..i can draw my acc wen it is  &lt;#&gt; rs.."
spam,500 free text msgs. Just text ok to 80488 and we'll credit your account
ham,I want to be there so i can kiss you and feel you next to me
ham,Me too! Have a lovely night xxx
ham,What you did in  leave.
ham,"Nope, I'm still in the market"
ham,"Sorry man my account's dry or I would, if you want we could trade back half or I could buy some shit with my credit card"
ham,Its sarcasm.. .nt scarcasim
ham,\HEY HEY WERETHE MONKEESPEOPLE SAY WE MONKEYAROUND! HOWDY GORGEOUS
spam,Phony å£350 award - Todays Voda numbers ending XXXX are selected to receive a å£350 award. If you have a match please call 08712300220 quoting claim code 3100 standard rates app
ham,Then she buying today? ÌÏ no need to c meh...
spam,sexy sexy cum and text me im wet and warm and ready for some porn! u up for some fun? THIS MSG IS FREE RECD MSGS 150P INC VAT 2 CANCEL TEXT STOP
ham,No no. I will check all rooms befor activities
ham,Send me yetty's number pls.
ham,Hi i won't b ard 4 christmas. But do enjoy n merry x'mas.
ham,"Cool, we shall go and see, have to go to tip anyway. Are you at home, got something to drop in later? So lets go to town tonight! Maybe mum can take us in."
ham,K da:)how many page you want?
ham,Do you want bold 2 or bb torch
ham,somewhere out there beneath the pale moon light someone think in of u some where out there where dreams come true... goodnite &amp; sweet dreams
ham,Gud mrng dear hav a nice day
ham,Only once then after ill obey all yours.
ham,Haha okay... Today weekend leh... 
spam,Get the official ENGLAND poly ringtone or colour flag on yer mobile for tonights game! Text TONE or FLAG to 84199. Optout txt ENG STOP Box39822 W111WX å£1.50
ham,Do Ì_ noe if ben is going?
ham,"Just arrived, see you in a couple days &lt;3"
ham,I will be gentle princess! We will make sweet gentle love...
ham,"Ya ok, then had dinner?"
spam,Free Top ringtone -sub to weekly ringtone-get 1st week free-send SUBPOLY to 81618-?3 per week-stop sms-08718727870
ham,Thanx a lot 4 ur help!
ham,"My friend just got here and says he's upping his order by a few grams (he's got $ &lt;#&gt; ), when can you get here?"
ham,"Gumby's has a special where a  &lt;#&gt; \ cheese pizza is $2 so I know what we're doin tonight"""
ham,How r Ì_ going to send it to me?
ham,How are you enjoying this semester? Take care brother.
ham,"Sorry, I'll call later in meeting"
ham,Wait.i will come out.. &lt;#&gt;  min:)
ham,"\The world suffers a lot... Not because of the violence of bad people. But because of the silence of good people!\"""
ham,Dude im no longer a pisces. Im an aquarius now.
ham,Idea will soon get converted to live:)
ham,Ok. So april. Cant wait
ham,I cant pick the phone right now. Pls send a message
ham,Nice line said by a broken heart- Plz don't cum 1 more times infront of me... Other wise once again I ll trust U... Good 9t:)
ham,Goodnight da thangam I really miss u dear.
ham,Crazy ar he's married. ÌÏ like gd looking guys not me. My frens like say he's korean leona's fave but i dun thk he is. Aft some thinking mayb most prob i'll go.
ham,"I feel like a dick because I keep sleeping through your texts and facebook messages. Sup, you in town?"
ham,Early bird! Any purchases yet?
ham,I'm done. C Ì_ there.
ham,You dont know you jabo me abi.
ham,HIYA COMIN 2 BRISTOL 1 ST WEEK IN APRIL. LES GOT OFF + RUDI ON NEW YRS EVE BUT I WAS SNORING.THEY WERE DRUNK! U BAK AT COLLEGE YET? MY WORK SENDS INK 2 BATH.
ham,Hey. You got any mail?
ham,"IÛ÷ve got some salt, you can rub it in my open wounds if you like!"
ham,Have you emigrated or something? Ok maybe 5.30 was a bit hopeful...
ham,We took hooch for a walk toaday and i fell over! Splat! Grazed my knees and everything! Should have stayed at home! See you tomorrow! 
ham,God created gap btwn ur fingers so dat sum1 vry special will fill those gaps by holding ur hands.. Now plz dont ask y he created so much gap between legs !!!
ham,"The  &lt;#&gt; g that i saw a few days ago, the guy wants sell wifi only for  &lt;#&gt;  and with 3g for  &lt;#&gt; . That's why i blanked him."
ham,Honestly i've just made a lovely cup of tea and promptly dropped my keys in it and then burnt my fingers getting them out!
ham,Now got tv 2 watch meh? U no work today?
ham,Hai priya are you right. What doctor said pa. Where are you.
ham,Anything lor if they all go then i go lor...
ham,Ok ill tell the company
ham,My love ! How come it took you so long to leave for Zaher's? I got your words on ym and was happy to see them but was sad you had left. I miss you
ham,Not yet. Just i'd like to keep in touch and it will be the easiest way to do that from barcelona. By the way how ru and how is the house?
ham,Don't make life too stressfull.. Always find time to Laugh.. It may not add years to your Life! But surely adds more life to ur years!! Gud ni8..swt dreams..
ham,Then. You are eldest know.
ham,2marrow only. Wed at  &lt;#&gt;  to 2 aha.
ham,So the sun is anti sleep medicine.
ham,Cos i want it to be your thing
ham,I'll text you when I drop x off
ham,I hope you arnt pissed off but id would really like to see you tomorrow. Love me xxxxxxxxxxxxxX
ham,Ok... Ur typical reply...
ham,R U &SAM P IN EACHOTHER. IF WE MEET WE CAN GO 2 MY HOUSE
ham,K tell me anything about you.
ham,"Sure, I'll see if I can come by in a bit"
ham,I've told him that i've returned it. That should i re order it.
ham,Hi. Happy New Year. I dont mean to intrude but can you pls let me know how much tuition you paid last semester and how much this semester is. Thanks
ham,"Actually nvm, got hella cash, we still on for  &lt;#&gt; ish?"
ham,It's ok i noe u're busy but i'm really too bored so i msg u. I oso dunno wat colour she choose 4 me one.
ham,Dunno leh cant remember mayb lor. So wat time r we meeting tmr?
ham,"Awesome, text me when you're restocked"
ham,"Yeah, probably earlier than that"
ham,Poor girl can't go one day lmao
ham,I.ll post her out l8r. In class
ham,I was up all night too worrying about this appt. It's a shame we missed a girls night out with quizzes popcorn and you doing my hair.
spam,"Congrats! 1 year special cinema pass for 2 is yours. call 09061209465 now! C Suprman V, Matrix3, StarWars3, etc all 4 FREE! bx420-ip4-5we. 150pm. Dont miss out!"
ham,Just taste fish curry :-P
ham,No chikku nt yet.. Ya i'm free
ham,my ex-wife was not able to have kids. Do you want kids one day?
ham,"Me not waking up until 4 in the afternoon, sup"
spam,"This is the 2nd time we have tried 2 contact u. U have won the 750 Pound prize. 2 claim is easy, call 08712101358 NOW! Only 10p per min. BT-national-rate"
ham,Oh yeah I forgot. U can only take 2 out shopping at once.
ham,I think chennai well settled?
ham,We still on for tonight?
ham,We have to pick rayan macleran there.
ham,How much is blackberry bold2 in nigeria.
ham,If you don't respond imma assume you're still asleep and imma start calling n shit
ham,He is a womdarfull actor
ham,Hope you are not scared!
ham,YO YO YO BYATCH WHASSUP?
ham,"K, makes sense, btw carlos is being difficult so you guys are gonna smoke while I go pick up the second batch and get gas"
ham,I will come tomorrow di
ham,"Dear relieved of westonzoyland, all going to plan this end too!"
ham,"U so lousy, run already come back then half dead... Hee..."
ham,If You mean the website. Yes.
ham,"House-Maid is the murderer, coz the man was murdered on  &lt;#&gt; th January.. As public holiday all govt.instituitions are closed,including post office..understand?"
ham,I don't want you to leave. But i'm barely doing what i can to stay sane. fighting with you constantly isn't helping.
ham,Dunno cos i was v late n when i reach they inside already... But we ate spageddies lor... It's e gals who r laughing at me lor...
ham,Id onluy matters when getting on from offcampus
ham,aathi..where are you dear..
ham,And whenever you and i see we can still hook up too.
ham,"Frnd s not juz a word.....not merely a relationship.....its a silent promise which says ... \ I will be with YOU \"" Wherevr.. Whenevr.. Forevr... Gudnyt dear.."""
ham,You are right. Meanwhile how's project twins comin up
ham,"My life Means a lot to me, Not because I love my life, But because I love the people in my life, The world calls them friends, I call them my World:-).. Ge:-).."
ham,Every monday..nxt week vl be completing..
ham,Pick you up bout 7.30ish? What time are  and that going?
ham,I'm aight. Wat's happening on your side.
ham,And how's your husband.
spam,"Shop till u Drop, IS IT YOU, either 10K, 5K, å£500 Cash or å£100 Travel voucher, Call now, 09064011000. NTT PO Box CR01327BT fixedline Cost 150ppm mobile vary"
ham,I dont understand your message.
ham,"Its good, we'll find a way"
ham,No need lar. Jus testing e phone card. Dunno network not gd i thk. Me waiting 4 my sis 2 finish bathing so i can bathe. Dun disturb u liao u cleaning ur room.
spam,PRIVATE! Your 2003 Account Statement for shows 800 un-redeemed S.I.M. points. Call 08718738001 Identifier Code: 49557 Expires 26/11/04
ham,How are you. Its been ages. How's abj
ham,"no, i *didn't* mean to post it. I wrote it, and like so many other times i've ritten stuff to you, i let it sit there. it WAS what i was feeling at the time. I was angry. Before i left, i hit send, then stop. It wasn't there. I checked on my phone when i got to my car. It wasn't there. You said you didn't sleep, you were bored. So why wouldn't THAT be the time to clean, fold laundry, etc.? At least make the bed?"
ham,it's still not working. And this time i also tried adding zeros. That was the savings. The checking is  &lt;#&gt; 
ham,"Yeah, in fact he just asked if we needed anything like an hour ago. When and how much?"
ham,HAPPY NEW YEAR MY NO.1 MAN
spam,"Xmas Offer! Latest Motorola, SonyEricsson & Nokia & FREE Bluetooth or DVD! Double Mins & 1000 Txt on Orange. Call MobileUpd8 on 08000839402 or call2optout/4QF2"
ham,Boo. How's things? I'm back at home and a little bored already :-(
spam,HMV BONUS SPECIAL 500 pounds of genuine HMV vouchers to be won. Just answer 4 easy questions. Play Now! Send HMV to 86688 More info:www.100percent-real.com
ham,Remember on that day..
ham,Ok. Me watching tv too.
ham,Haven't left yet so probably gonna be here til dinner
ham,I'll probably be around mu a lot
ham,"Haven't seen my facebook, huh? Lol!"
ham,Have you heard about that job? I'm going to that wildlife talk again tonight if u want2come. Its that2worzels and a wizzle or whatever it is?! 
ham,We are both fine. Thanks
ham,No other Valentines huh? The proof is on your fb page. Ugh I'm so glad I really DIDN'T watch your rupaul show you TOOL!
ham,Yes princess! I want to catch you with my big strong hands...
ham,"Geeee ... I miss you already, you know ? Your all I can think about. Fuck, I can't wait till next year when we will be together ... *loving kiss*"
ham,Where are you?when wil you reach here?
ham,She doesnt need any test.
ham,Just trying to figure out when I'm suppose to see a couple different people this week. We said we'd get together but I didn't set dates
spam,Tone Club: Your subs has now expired 2 re-sub reply MONOC 4 monos or POLYC 4 polys 1 weekly @ 150p per week Txt STOP 2 stop This msg free Stream 0871212025016
spam,Free entry in 2 a wkly comp to win FA Cup final tkts 21st May 2005. Text FA to 87121 to receive entry question(std txt rate)T&C's apply 08452810075over18's
ham,He like not v shock leh. Cos telling shuhui is like telling leona also. Like dat almost all know liao. He got ask me abt ur reaction lor.
ham,&lt;#&gt;  great loxahatchee xmas tree burning update: you can totally see stars here
spam,Someone has contacted our dating service and entered your phone because they fancy you! To find out who it is call from a landline 09111032124 . PoBox12n146tf150p
ham,"HEY THERE BABE, HOW U DOIN? WOT U UP 2 2NITE LOVE ANNIE X."
spam,1000's of girls many local 2 u who r virgins 2 this & r ready 2 4fil ur every sexual need. Can u 4fil theirs? text CUTE to 69911(å£1.50p. m)
ham,"Yes, my reg is  Ciao!"
ham,Yeah. I got a list with only u and Joanna if I'm feeling really anti social
ham,Just come home. I don't want u to be miserable
ham,"I've not called you in a while. This is hoping it was l8r malaria and that you know that we miss you guys. I miss Bani big, so pls give her my love especially. Have a great day."
ham,I think asking for a gym is the excuse for lazy people. I jog.
spam,WINNER!! As a valued network customer you have been selected to receivea å£900 prize reward! To claim call 09061701461. Claim code KL341. Valid 12 hours only.
spam,Marvel Mobile Play the official Ultimate Spider-man game (å£4.50) on ur mobile right now. Text SPIDER to 83338 for the game & we ll send u a FREE 8Ball wallpaper
ham,I sent your maga that money yesterday oh.
ham,"Goodmorning, today i am late for 1hr."
ham,Guess he wants alone time. We could just show up and watch when they do..
ham,So why didnt you holla?
ham,"I met you as a stranger and choose you as my friend. As long as the world stands, our friendship never ends. Lets be Friends forever!!! Gud nitz..."
ham,How to Make a girl Happy? It's not at all difficult to make girls happy. U only need to be... 1. A friend 2. Companion 3. Lover 4. Chef . . .  &lt;#&gt; . Good listener  &lt;#&gt; . Organizer  &lt;#&gt; . Good boyfriend  &lt;#&gt; . Very clean  &lt;#&gt; . Sympathetic  &lt;#&gt; . Athletic  &lt;#&gt; . Warm . . .  &lt;#&gt; . Courageous  &lt;#&gt; . Determined  &lt;#&gt; . True  &lt;#&gt; . Dependable  &lt;#&gt; . Intelligent . . .  &lt;#&gt; . Psychologist  &lt;#&gt; . Pest exterminator  &lt;#&gt; . Psychiatrist  &lt;#&gt; . Healer . .  &lt;#&gt; . Stylist  &lt;#&gt; . Driver . . Aaniye pudunga venaam..
spam,We tried to contact you re your reply to our offer of a Video Handset? 750 anytime networks mins? UNLIMITED TEXT? Camcorder? Reply or call 08000930705 NOW
ham,Fffff. Can you text kadeem or are you too far gone
spam,Santa Calling! Would your little ones like a call from Santa Xmas eve? Call 09058094583 to book your time.
spam,Call Germany for only 1 pence per minute! Call from a fixed line via access number 0844 861 85 85. No prepayment. Direct access!
ham,U coming 2 pick me?
ham,I wnt to buy a BMW car urgently..its vry urgent.but hv a shortage of  &lt;#&gt; Lacs.there is no source to arng dis amt. &lt;#&gt; lacs..thats my prob
ham,Home so we can always chat
ham,Shall i get my pouch?
ham,Wat r u doing?
ham,", ow u dey.i paid 60,400thousad.i told  u would call . "
ham,"Hmmm... Guess we can go 4 kb n power yoga... Haha, dunno we can tahan power yoga anot... Thk got lo oso, forgot liao..."
ham,"\NOT ENUFCREDEIT TOCALL.SHALL ILEAVE UNI AT 6 +GET A BUS TO YOR HOUSE?\"""""
ham,Nope... Juz off from work...
ham,Haha... Yup hopefully  we will lose a few kg by mon. after hip hop can go orchard and weigh again
ham,when you and derek done with class?
ham,would u fuckin believe it they didnt know i had thurs pre booked off so they re cancelled me AGAIN! that needs to b sacked
ham,Pls confirm the time to collect the cheque.
spam,"Latest News! Police station toilet stolen, cops have nothing to go on!"
ham,Ok lor.
ham,ÌÏ eatin later but i'm eatin wif my frens now lei... ÌÏ going home first? 
ham,"chile, please! It's only a  &lt;DECIMAL&gt;  hour drive for me. I come down all the time and will be subletting feb-april for audition season."
ham,"Wait, do you know if wesleys in town? I bet she does hella drugs!"
ham,Ok.ok ok..then..whats ur todays plan
ham,Are you this much buzy
ham,She ran off with a younger man. we will make pretty babies together :)
ham,Yay! You better not have told that to 5 other girls either.
ham,How dare you stupid. I wont tell anything to you. Hear after i wont talk to you:-.
spam,"FREE2DAY sexy St George's Day pic of Jordan!Txt PIC to 89080 dont miss out, then every wk a saucy celeb!4 more pics c PocketBabe.co.uk 0870241182716 å£3/wk"
ham,Okay same with me. Well thanks for the clarification
ham,How do you plan to manage that
ham,"Sorry, I'll call later"
ham,Hey so whats the plan this sat? 
ham,What i mean is do they come chase you out when its over or is it stated you can watch as many movies as you want.
ham,"Jane babes not goin 2 wrk, feel ill after lst nite. Foned in already cover 4 me chuck.:-)"
ham,Thank you princess! You are so sexy...
ham,"Ever green quote ever told by Jerry in cartoon \A Person Who Irritates u Always Is the one Who Loves u Vry Much But Fails to Express It...!..!! :-) :-) gud nyt"""
ham,Thanks a lot for your wishes on my birthday. Thanks you for making my birthday truly memorable.
ham,Mmmm.... I cant wait to lick it!
ham,Senthil group company Apnt 5pm.
ham,In e msg jus now. U said thanks for gift.
ham,At the funeral home with Audrey and dad
ham,I'm in town now so i'll jus take mrt down later.
spam,UR GOING 2 BAHAMAS! CallFREEFONE 08081560665 and speak to a live operator to claim either Bahamas cruise ofå£2000 CASH 18+only. To opt out txt X to 07786200117
spam,U 447801259231 have a secret admirer who is looking 2 make contact with U-find out who they R*reveal who thinks UR so special-call on 09058094597
ham,Customer place i will call you.
ham,Ok lor then we go tog lor...
ham,I come n pick Ì_ up... Come out immediately aft ur lesson...
ham,Ok.
ham,U attend ur driving lesson how many times a wk n which day?
ham,I am not sure about night menu. . . I know only about noon menu
ham,I love working from home :)
ham,"\Hello-/@drivby-:0quit edrunk sorry iff pthis makes no senrd-dnot no how ^ dancce 2 drum n basq!ihave fun 2nhite x ros xxxxxxx\"""""
ham,Ok...
ham,Excellent! Wish we were together right now!
ham,K go and sleep well. Take rest:-).
ham,No no:)this is kallis home ground.amla home town is durban:)
ham,Will it help if we propose going back again tomorrow
ham,Realy sorry-i don't recognise this number and am now confused :) who r u please?! 
ham,Dai i downloaded but there is only exe file which i can only run that exe after installing.
ham,"Hmmm ... And imagine after you've come home from that having to rub my feet, make me dinner and help me get ready for my date ! Are you sure your ready for that kind of life ?"
ham,Hi mate its RV did u hav a nice hol just a message 3 say hello coz havenåÕt sent u 1 in ages started driving so stay off roads!RVx
ham,"Ha ha nan yalrigu heltini..Iyo kothi chikku, u shared many things wit me..so far i didn't told any body and even uttered a word abt u.. If ur trusting me so much how can i tell these to others.. Plz nxt time dont use those words to me..ok, chikku:-);-)B-)"
ham,Moji just informed me that you saved our lives. Thanks.
ham,Nothing but we jus tot u would ask cos u ba gua... But we went mt faber yest... Yest jus went out already mah so today not going out... Jus call lor...
ham,U say leh... Of course nothing happen lar. Not say v romantic jus a bit only lor. I thk e nite scenery not so nice leh.
spam,Urgent! Please call 09061213237 from landline. å£5000 cash or a luxury 4* Canary Islands Holiday await collection. T&Cs SAE PO Box 177. M227XY. 150ppm. 16+
spam,"44 7732584351, Do you want a New Nokia 3510i colour phone DeliveredTomorrow? With 300 free minutes to any mobile + 100 free texts + Free Camcorder reply or call 08000930705."
ham,We are okay. Going to sleep now. Later
ham,I think you should go the honesty road. Call the bank tomorrow. Its the tough decisions that make us great people.
ham,Then ur physics get a-?
ham,"Oh... I was thkin of goin yogasana at 10 den no nd to go at 3 den can rush to parco 4 nb... Okie lor, u call me when ready..."
ham,Yes i think so. I am in office but my lap is in room i think thats on for the last few days. I didnt shut that down
ham,Come to my home for one last time i wont do anything. Trust me.
ham,How much are we getting?
spam,"TheMob> Check out our newest selection of content, Games, Tones, Gossip, babes and sport, Keep your mobile fit and funky text WAP to 82468"
ham,Well done and ! luv ya all 
ham,"Sorry I missed you babe. I was up late and slept in. I hope you enjoy your driving lesson, boytoy. I miss you too ... *teasing kiss*"
ham,Otherwise had part time job na-tuition..
spam,UR awarded a City Break and could WIN a å£200 Summer Shopping spree every WK. Txt STORE to 88039 . SkilGme. TsCs087147403231Winawk!Age16 å£1.50perWKsub
spam,"Rock yr chik. Get 100's of filthy films &XXX pics on yr phone now. rply FILTH to 69669. Saristar Ltd, E14 9YT 08701752560. 450p per 5 days. Stop2 cancel"
ham,"Uncle G, just checking up on you. Do have a rewarding month"
ham,S:)but he had some luck.2 catches put down:)
ham,Wishing you a beautiful day. Each moment revealing even more things to keep you smiling. Do enjoy it.
ham,Did you try making another butt.
ham,Hey morning what you come to ask:-) pa...
ham,I anything lor.
ham,Meeting u is my work. . . Tel me when shall i do my work tomorrow
ham,Tell me something. Thats okay.
ham,Okie
spam,"Our dating service has been asked 2 contact U by someone shy! CALL 09058091870 NOW all will be revealed. POBox84, M26 3UZ 150p"
ham,I tot u reach liao. He said t-shirt.
ham,Ok try to do week end course in coimbatore.
ham,S.i think he is waste for rr..
ham,I can send you a pic if you like :)
ham,somewhere out there beneath the pale moon light someone think in of u some where out there where dreams come true... goodnite &amp; sweet dreams
ham,Ok i go change also...
ham,No probs hon! How u doinat the mo?
spam,Want 2 get laid tonight? Want real Dogging locations sent direct 2 ur Mob? Join the UK's largest Dogging Network by txting MOAN to 69888Nyt. ec2a. 31p.msg@150p
ham,"Okey dokey, iÛ÷ll be over in a bit just sorting some stuff out."
ham,"I wasn't well babe, i have swollen glands at my throat ... What did you end up doing ?"
ham,"Good stuff, will do."
spam,network operator. The service is free. For T & C's visit 80488.biz
ham,I liked the new mobile
ham,"Isn't frnd a necesity in life? imagine urself witout a frnd.. hw'd u feel at ur colleg? wat'll u do wth ur cell? wat abt functions? thnk abt events espe'll cared, missed &amp; irritated u? 4wrd it to all those dear-loving frnds wthout whom u cant live.. I jst did it.. Takecare..:) GOODMORNING"
ham,Where u been hiding stranger?
ham,Man this bus is so so so slow. I think you're gonna get there before me
ham,Infact happy new year. How are you where are you when are we seeing
ham,Okie
ham,Ok
ham,R we going with the  &lt;#&gt;  bus?
ham,I've been trying to reach him without success
ham,"Yeah, don't go to bed, I'll be back before midnight"
ham,"yeah, that's what I was thinking"
spam,URGENT! We are trying to contact U. Todays draw shows that you have won a å£2000 prize GUARANTEED. Call 09066358361 from land line. Claim Y87. Valid 12hrs only
ham,Ok lor. Anyway i thk we cant get tickets now cos like quite late already. U wan 2 go look 4 ur frens a not? Darren is wif them now...
spam,<Forwarded from 448712404000>Please CALL 08712404000 immediately as there is an urgent message waiting for you.
spam,Moby Pub Quiz.Win a å£100 High Street prize if u know who the new Duchess of Cornwall will be? Txt her first name to 82277.unsub STOP å£1.50 008704050406 SP
ham,"Shit that is really shocking and scary, cant imagine for a second. Def up for night out. Do u think there is somewhere i could crash for night, save on taxi?"
ham,Great. So should i send you my account number.
ham,X course it 2yrs. Just so her messages on messenger lik you r sending me
ham,Dunno he jus say go lido. Same time 930.
ham,Fyi I'm gonna call you sporadically starting at like  &lt;#&gt;  bc we are not not doin this shit
ham,I am not sure about night menu. . . I know only about noon menu
ham,The greatest test of courage on earth is to bear defeat without losing heart....gn tc
ham,For real tho this sucks. I can't even cook my whole electricity is out. And I'm hungry.
ham,I'm really not up to it still tonight babe
ham,"K I'm leaving soon, be there a little after 9"
ham,Hello madam how are you ?
ham,"Carlos is down but I have to pick it up from him, so I'll swing by usf in a little bit"
spam,Sunshine Quiz Wkly Q! Win a top Sony DVD player if u know which country the Algarve is in? Txt ansr to 82277. å£1.50 SP:Tyrone
ham,"Wen ur lovable bcums angry wid u, dnt take it seriously.. Coz being angry is d most childish n true way of showing deep affection, care n luv!.. kettoda manda... Have nice day da."
ham,Wah... Okie okie... Muz make use of e unlimited... Haha... 
ham,HEY MATE! HOWS U HONEY?DID U AVE GOOD HOLIDAY? GIMMI DE GOSS!x
ham,Ah you see. You have to be in the lingo. I will let you know wot on earth it is when has finished making it!
ham,To day class is there are no class.
ham,Thk some of em find wtc too far... Weiyi not goin... E rest i dunno yet... R ur goin 4 dinner den i might b able to join...
ham,Nothing just getting msgs by dis name wit different no's..
ham,o turns out i had stereo love on mi phone under the unknown album.
ham, gonna let me know cos comes bak from holiday that day.  is coming. Don't4get2text me  number. 
ham,I am back. Good journey! Let me know if you need any of the receipts. Shall i tell you like the pendent?
ham,say thanks2. 
ham,Boy you best get yo ass out here quick
spam,Dear U've been invited to XCHAT. This is our final attempt to contact u! Txt CHAT to 86688 150p/MsgrcvdHG/Suite342/2Lands/Row/W1J6HL LDN 18 yrs
ham,E admin building there? I might b slightly earlier... I'll call u when i'm reaching...
ham,"'Wnevr i wana fal in luv vth my books, My bed fals in luv vth me..!'' . Yen madodu, nav pretsorginta, nammanna pretsovru important alwa....!!:) Gud eveB-)."
ham,U still havent got urself a jacket ah?
ham,Sorry dude. Dont know how i forgot. Even after Dan reminded me. Sorry. Hope you guys had fun.
ham,have got * few things to do. may be in * pub later.
spam,"URGENT! Your mobile number *************** WON a å£2000 Bonus Caller prize on 10/06/03! This is the 2nd attempt to reach you! Call 09066368753 ASAP! Box 97N7QP, 150ppm"
ham,I will come to ur home now
ham,I will spoil you in bed as well :)
ham,X2  &lt;#&gt; . Are you going to get that
ham,"Like I made him throw up when we were smoking in our friend's car one time, it was awesome"
ham,Nothing spl..wat abt u and whr ru?
ham,East coast
ham,if you text on your way to cup stop that should work. And that should be BUS
ham,"A Boy loved a gal. He propsd bt she didnt mind. He gv lv lttrs, Bt her frnds threw thm. Again d boy decided 2 aproach d gal , dt time a truck was speeding towards d gal. Wn it was about 2 hit d girl,d boy ran like hell n saved her. She asked 'hw cn u run so fast?' D boy replied \Boost is d secret of my energy\"" n instantly d girl shouted \""our energy\"" n Thy lived happily 2gthr drinking boost evrydy Moral of d story:- I hv free msgs:D;): gud ni8"""
ham,Is there coming friday is leave for pongal?do you get any news from your work place.
spam,Text PASS to 69669 to collect your polyphonic ringtones. Normal gprs charges apply only. Enjoy your tones
ham,"Thk shld b can... Ya, i wana go 4 lessons... Haha, can go for one whole stretch..."
ham,Hey gals...U all wanna meet 4 dinner at nÌÂte? 
ham,Si si. I think ill go make those oreo truffles.
ham,"* Was really good to see you the other day dudette, been missing you!"
spam,HMV BONUS SPECIAL 500 pounds of genuine HMV vouchers to be won. Just answer 4 easy questions. Play Now! Send HMV to 86688 More info:www.100percent-real.com
ham,"Night sweet, sleep well! I've just been to see The Exorcism of Emily Rose and may never sleep again! Hugs and snogs! "
ham,Lmao ok I wont be needing u to do my hair anymore.
ham,Well I'm going to be an aunty!
ham,"Good afternoon loverboy ! How goes you day ? Any luck come your way? I think of you, sweetie and send my love across the sea to make you smile and happy"
ham,In which place do you want da.
ham,"Sorry, I guess whenever I can get a hold of my connections, maybe an hour or two? I'll text you"
ham,Oh k. . I will come tomorrow
ham,I'm e person who's doing e sms survey...
spam,Reminder: You have not downloaded the content you have already paid for. Goto http://doit. mymoby. tv/ to collect your content.
ham,I will once i get home
ham,I'm fine. Hope you are good. Do take care.
ham,Cool. I am  &lt;#&gt;  inches long. hope you like them big!
spam,URGENT! We are trying to contact U. Todays draw shows that you have won a å£800 prize GUARANTEED. Call 09050001808 from land line. Claim M95. Valid12hrs only
ham,"House-Maid is the murderer, coz the man was murdered on  &lt;#&gt; th January.. As public holiday all govt.instituitions are closed,including post office.."
ham,What can i do? Might accidant tookplace between somewhere ghodbandar rd. Traffic moves slovely. So plz slip &amp; don't worry.
ham,Yup... I havent been there before... You want to go for the yoga? I can call up to book 
ham,I donno its in your genes or something
ham,I'm job profile seems like bpo..
ham,"Nothing really, just making sure everybody's up to speed"
ham,"Sorry vikky, i'm Watching olave mandara movie kano in trishul theatre wit my frnds.."
ham,Thank u. IT BETTER WORK OUT CAUSE I WILL FEEL USED OTHERWISE
ham,Sian... Aft meeting supervisor got work 2 do liao... U working now?
ham,Tmr timin still da same wat cos i got lesson until 6...
ham,"Ok. Can be later showing around 8-8:30 if you want + cld have drink before. Wld prefer not to spend money on nosh if you don't mind, as doing that nxt wk."
ham,Message from . I am at Truro Hospital on ext. You can phone me here. as I have a phone by my side
ham,Where are you call me.
ham,"\NONE!NOWHERE IKNO DOESDISCOUNT!SHITINNIT\"""""
ham,I called and said all to him:)then he have to choose this future.
ham,Just now saw your message.it k da:)
ham,Eh u remember how 2 spell his name... Yes i did. He v naughty make until i v wet.
ham,Reverse is cheating. That is not mathematics.
ham,"Oh yes, why is it like torture watching england?"
spam,"Hello from Orange. For 1 month's free access to games, news and sport, plus 10 free texts and 20 photo messages, reply YES. Terms apply: www.orange.co.uk/ow"
spam,Please call our customer service representative on FREEPHONE 0808 145 4742 between 9am-11pm as you have WON a guaranteed å£1000 cash or å£5000 prize!
ham,Wat makes some people dearer is not just de happiness dat u feel when u meet them but de pain u feel when u miss dem!!!
ham,Gud ni8 dear..slp well..take care..swt dreams..Muah..
ham,Havent mus ask if u can 1st wat. Of meet 4 lunch den u n him meet can already lor. Or u wan 2 go ask da ge 1st then confirm w me asap?
ham,Fuck babe ... What happened to you ? How come you never came back?
ham,As per your request 'Melle Melle (Oru Minnaminunginte Nurungu Vettam)' has been set as your callertune for all Callers. Press *9 to copy your friends Callertune
ham,"Hi hope u r both ok, he said he would text and he hasn't, have u seen him, let me down gently please "
ham,Goodo! Yes we must speak friday - egg-potato ratio for tortilla needed! 
ham,Right it wasnt you who phoned it was someone with a number like yours!
ham,I just cooked a rather nice salmon a la you
ham,Once free call me sir.
ham,"Oh, yes, I've just been a little under the weather so i've kind of been coccooning at home"
ham,U meet other fren dun wan meet me ah... Muz b a guy rite...
ham,It took Mr owl 3 licks
ham,Hurry home u big butt. Hang up on your last caller if u have to. Food is done and I'm starving. Don't ask what I cooked.
spam,RCT' THNQ Adrian for U text. Rgds Vatian
spam,Our records indicate u maybe entitled to 5000 pounds in compensation for the Accident you had. To claim 4 free reply with CLAIM to this msg. 2 stop txt STOP
ham,"Beautiful tomorrow never comes.. When it comes, it's already TODAY.. In the hunt of beautiful tomorrow don't waste your wonderful TODAY.. GOODMORNING:)"
ham,"Awesome, lemme know whenever you're around"
spam,Do you want 750 anytime any network mins 150 text and a NEW VIDEO phone for only five pounds per week call 08002888812 or reply for delivery tomorrow
ham,"Enjoy the showers of possessiveness poured on u by ur loved ones, bcoz in this world of lies, it is a golden gift to be loved truly.."
ham,"Babe, I'm back ... Come back to me ..."
spam,Block Breaker now comes in deluxe format with new features and great graphics from T-Mobile. Buy for just å£5 by replying GET BBDELUXE and take the challenge
ham,Total video converter free download type this in google search:)
ham,All day working day:)except saturday and sunday..
spam,Guess what! Somebody you know secretly fancies you! Wanna find out who it is? Give us a call on 09065394973 from Landline DATEBox1282EssexCM61XN 150p/min 18
ham,U definitely need a module from e humanities dis sem izzit? U wan 2 take other modules 1st?
ham,"Good morning, my Love ... I go to sleep now and wish you a great day full of feeling better and opportunity ... You are my last thought babe, I LOVE YOU *kiss*"
ham,"Oops - am at my mum's in somerset... Bit far! Back tomo, see you soon x"
spam,"Do you ever notice that when you're driving, anyone going slower than you is an idiot and everyone driving faster than you is a maniac?"
ham,"Not sure yet, still trying to get a hold of him"
ham,Yar but they say got some error.
ham,Ya i knw u vl giv..its ok thanks kano..anyway enjoy wit ur family wit 1st salary..:-);-)
ham,Hurry home. Soup is DONE!
ham,"Goodmorning, Today i am late for  &lt;#&gt; min."
ham,Send me your id and password
ham,I know! Grumpy old people. My mom was like you better not be lying. Then again I am always the one to play jokes...
ham,Actually i'm waiting for 2 weeks when they start putting ad.
ham,Ok i shall talk to him
ham,I'm leaving my house now...
ham,Spending new years with my brother and his family. Lets plan to meet next week. Are you ready to be spoiled? :)
ham,Life spend with someone for a lifetime may be meaningless but a few moments spent with someone who really love you means more than life itself..
spam,4mths half price Orange line rental & latest camera phones 4 FREE. Had your phone 11mths ? Call MobilesDirect free on 08000938767 to update now! or2stoptxt
ham,"Set a place for me in your heart and not in your mind, as the mind easily forgets but the heart will always remember. Wish you Happy Valentines Day!"
spam,Mobile Club: Choose any of the top quality items for your mobile. 7cfca1a
ham,Are u awake? Is there snow there?
ham,"What part of \don't initiate\"" don't you understand"""
ham,"Sorry, I'll call later"
ham,Great. Hope you are using your connections from mode men also cos you can never know why old friends can lead you to today
ham,"K will do, addie &amp; I are doing some art so I'll be here when you get home"
ham,Dear i am not denying your words please
ham,Who u talking about?
ham,"Easy mate, * guess the quick drink was bit ambitious."
ham,U buy newspapers already?
ham,Staff of placement training in Amrita college.
ham,Do you like shaking your booty on the dance floor?
ham,Sent me ur email id soon
ham,Are you up for the challenge? I know i am :)
ham,"\AH POOR BABY!HOPE URFEELING BETTERSN LUV! PROBTHAT OVERDOSE OF WORK HEY GO CAREFUL SPK 2 U SN LOTS OF LOVEJEN XXX.\"""""
ham,As usual u can call me ard 10 smth.
ham,Ok...
ham,Tell dear what happen to you. Why you talking to me like an alian
ham,Lol that's different. I don't go trying to find every real life photo you ever took.
ham,Probably earlier than that if the station's where I think it is
ham,That is wondarfull song
ham,I know girls always safe and selfish know i got it pa. Thank you. good night.
ham,They don't put that stuff on the roads to keep it from getting slippery over there?
ham,Small problem in auction:)punj now asking tiwary
ham,How much did ur hdd casing cost.
ham,"Yes, princess. Toledo."
ham,Oops. 4 got that bit.
spam,Message Important information for O2 user. Today is your lucky day! 2 find out why log onto http://www.urawinner.com there is a fantastic surprise awaiting you
ham,R u meeting da ge at nite tmr?
ham,get ready to moan and scream :)
ham,"Hey. What happened? U switch off ur cell d whole day. This isnt good. Now if u do care, give me a call tomorrow."
ham,This message is from a great Doctor in India:-): 1) Do not drink APPY FIZZ. It contains Cancer causing age
ham,"Brainless Baby Doll..:-D;-), vehicle sariyag drive madoke barolla.."
ham,That's y we haf to combine n c how lor...
spam,"Urgent! Please call 0906346330. Your ABTA complimentary 4* Spanish Holiday or å£10,000 cash await collection SAE T&Cs BOX 47 PO19 2EZ 150ppm 18+"
ham,"Sorry, I'll call later"
spam,PRIVATE! Your 2004 Account Statement for 078498****7 shows 786 unredeemed Bonus Points. To claim call 08719180219 Identifier Code: 45239 Expires 06.05.05
ham,Watching ajith film ah?
ham,Short But Cute: \Be a good person
spam,U have a secret admirer who is looking 2 make contact with U-find out who they R*reveal who thinks UR so special-call on 09058094594
ham,Are you there in room.
ham,The guy did some bitching but I acted like i'd be interested in buying something else next week and he gave it to us for free
ham,Get ready to put on your excellent sub face :)
ham,I want kfc its Tuesday. Only buy 2 meals ONLY 2. No gravy. Only 2 Mark. 2!
spam,"If you don't, your prize will go to another customer. T&C at www.t-c.biz 18+ 150p/min Polo Ltd Suite 373 London W1J 6HL Please call back if busy"
ham,Good night. Am going to sleep.
ham,My sister going to earn more than me da.
ham,Yeah so basically any time next week you can get away from your mom &amp; get up before 3
ham,"You are always putting your business out there. You put pictures of your ass on facebook. You are one of the most open people i've ever met. Why would i think a picture of your room would hurt you, make you feel violated."
ham,I know you are serving. I mean what are you doing now.
spam,Reply to win å£100 weekly! What professional sport does Tiger Woods play? Send STOP to 87239 to end service
ham,* Will have two more cartons off u and is very pleased with shelves
spam,"This weeks SavaMob member offers are now accessible. Just call 08709501522 for details! SavaMob, POBOX 139, LA3 2WU. Only å£1.50/week. SavaMob - offers mobile!"
ham,Wish i were with you now!
ham,Havent planning to buy later. I check already lido only got 530 show in e afternoon. U finish work already?
ham,Yes. It's all innocent fun. O:-)
spam,"cmon babe, make me horny, *turn* me on! Txt me your fantasy now babe -) Im hot, sticky and need you now. All replies cost å£1.50. 2 cancel send STOP"
spam,Do you want 750 anytime any network mins 150 text and a NEW video phone for only five pounds per week call 08000776320 now or reply for delivery Tomorrow
spam,Refused a loan? Secured or Unsecured? Can't get credit? Call free now 0800 195 6669 or text back 'help' & we will!
ham,Then just eat a shit and wait for ur monkey face bitch.......... U asshole..................
ham,Oh dang! I didn't mean o send that to you! Lol!
spam,"U can WIN å£100 of Music Gift Vouchers every week starting NOW Txt the word DRAW to 87066 TsCs www.Idew.com SkillGame, 1Winaweek, age16. 150ppermessSubscription"
spam,I am hot n horny and willing I live local to you - text a reply to hear strt back from me 150p per msg Netcollex LtdHelpDesk: 02085076972 reply Stop to end
ham,No da. . Vijay going to talk in jaya tv
ham,U wan 2 haf lunch i'm in da canteen now.
ham,We stopped to get ice cream and will go back after
ham,Wishing you a wonderful week.
spam,"Sunshine Hols. To claim ur med holiday send a stamped self address envelope to Drinks on Us UK, PO Box 113, Bray, Wicklow, Eire. Quiz Starts Saturday! Unsub Stop"
ham,No go. No openings for that room 'til after thanksgiving without an upcharge.
ham,I think that tantrum's finished so yeah I'll be by at some point
ham,"Yetunde, i'm sorry but moji and i seem too busy to be able to go shopping. Can you just please find some other way to get what you wanted us to get. Please forgive me. You can reply free via yahoo messenger."
ham,Aslamalaikkum....insha allah tohar beeen muht albi mufti mahfuuz...meaning same here....
ham,Hey.. Something came up last min.. Think i wun be signing up tmr.. Hee
ham,I asked sen to come chennai and search for job.
ham,Well she's in for a big surprise!
ham,"Come to me, slave. Your doing it again ... Going into your shell and unconsciously avoiding me ... You are making me unhappy :-("
ham,My battery is low babe
ham,How come i din c Ì_... Yup i cut my hair...
ham,Hey leave it. not a big deal:-) take care.
ham,"Yeah, where's your class at?"
ham,Will you be here for food
ham,"That day Ì_ say Ì_ cut ur hair at paragon, is it called hair sense? Do Ì_ noe how much is a hair cut? "
ham,"Good afternoon, babe. How goes that day ? Any job prospects yet ? I miss you, my love ... *sighs* ... :-("
spam,URGENT! We are trying to contact U. Todays draw shows that you have won a å£800 prize GUARANTEED. Call 09050001295 from land line. Claim A21. Valid 12hrs only
ham,"Hey there! Glad u r better now. I hear u treated urself to a digi cam, is it good? We r off at 9pm. Have a fab new year, c u in coupla wks!"
spam,LORD OF THE RINGS:RETURN OF THE KING in store NOW!REPLY LOTR by 2 June 4 Chance 2 WIN LOTR soundtrack CDs StdTxtRate. Reply STOP to end txts
ham,Shuhui has bought ron's present it's a swatch watch...
ham,The search 4 happiness is 1 of d main sources of unhappiness! Accept life the way it comes! U will find happiness in every moment u live.
ham,This is hoping you enjoyed your game yesterday. Sorry i've not been in touch but pls know that you are fondly bein thot off. Have a great week. Abiola
ham,", ,  and  picking them up from various points | going 2 yeovil | and they will do the motor project 4 3 hours | and then u take them home. || 12 2 5.30 max. || Very easy"
ham,Arun can u transfr me d amt
ham,"Sorry, I'll call later"
ham,Why you Dint come with us.
spam,Had your mobile 11mths ? Update for FREE to Oranges latest colour camera mobiles & unlimited weekend calls. Call Mobile Upd8 on freefone 08000839402 or 2StopTxt
spam,"Customer service announcement. We recently tried to make a delivery to you but were unable to do so, please call 07090298926 to re-schedule. Ref:9307622"
ham,"Sir, I need Velusamy sir's date of birth and company bank facilities details."
ham,Hi did u decide wot 2 get 4 his bday if not ill prob jus get him a voucher frm virgin or sumfing 
ham,How much for an eighth?
ham,"Just sent again. Do you scream and moan in bed, princess?"
ham,I am not having her number sir
ham,I'm gonna say no. Sorry. I would but as normal am starting to panic about time. Sorry again! Are you seeing on Tuesday?
ham,Yup i'm still having coffee wif my frens... My fren drove she'll give me a lift...
ham,Mm feeling sleepy. today itself i shall get that dear
spam,This message is free. Welcome to the new & improved Sex & Dogging club! To unsubscribe from this service reply STOP. msgs@150p 18+only
ham,I want to sent  &lt;#&gt; mesages today. Thats y. Sorry if i hurts
ham,If i not meeting Ì_ all rite then i'll go home lor. If Ì_ dun feel like comin it's ok.
ham,Still work going on:)it is very small house.
ham,"We're all getting worried over here, derek and taylor have already assumed the worst"
ham,Not yet chikku..wat abt u?
ham,"I prefer my free days... Tues, wed, fri oso can... ÌÏ ask those workin lor..."
ham,"Thank you so much. When we skyped wit kz and sura, we didnt get the pleasure of your company. Hope you are good. We've given you ultimatum oh! We are countin down to aburo. Enjoy! This is the message i sent days ago"
ham,Hey! There's veggie pizza... :/
ham,"Ditto. And you won't have to worry about me saying ANYTHING to you anymore. Like i said last night, you do whatever you want and i'll do the same. Peace."
ham,Have a good evening! Ttyl
ham,In sch but neva mind u eat 1st lor..
ham,I have a sore throat. It's scratches when I talk
ham,"Feb  &lt;#&gt;  is \I LOVE U\"" day. Send dis to all ur \""VALUED FRNDS\"" evn me. If 3 comes back u'll gt married d person u luv! If u ignore dis u will lose ur luv 4 Evr"""
spam,Dear Voucher Holder 2 claim your 1st class airport lounge passes when using Your holiday voucher call 08704439680. When booking quote 1st class x 2
ham,Never blame a day in ur life. Good days give u happiness. Bad days give u experience. Both are essential in life! All are Gods blessings! good morning.:
ham,Shall i ask one thing if you dont mistake me.
ham,Ok...
spam,Free tones Hope you enjoyed your new content. text stop to 61610 to unsubscribe. help:08712400602450p Provided by tones2you.co.uk
spam,PRIVATE! Your 2003 Account Statement for shows 800 un-redeemed S. I. M. points. Call 08718738002 Identifier Code: 48922 Expires 21/11/04
ham,Oh ya ya. I remember da. .
spam,Bloomberg -Message center +447797706009 Why wait? Apply for your future http://careers. bloomberg.com
ham,Studying. But i.ll be free next weekend.
ham,How did you find out in a way that didn't include all of these details
ham,Did you get any gift? This year i didnt get anything. So bad
ham,DO U WANT 2 MEET UP 2MORRO
ham,Ok but tell me half an hr b4 u come i need 2 prepare.
ham,No..jst change tat only..
ham,Shall i start from hear.
ham,"Night night, see you tomorrow"
ham,Eh sorry leh... I din c ur msg. Not sad already lar. Me watching tv now. U still in office?
ham,Ok lor... Or u wan me go look 4 u?
ham,SERIOUSLY. TELL HER THOSE EXACT WORDS RIGHT NOW.
ham,Please da call me any mistake from my side sorry da. Pls da goto doctor.
ham,Our ride equally uneventful - not too many of those pesky cyclists around at that time of night ;).
ham,Yes watching footie but worried we're going to blow it - Phil Neville?
spam,Save money on wedding lingerie at www.bridal.petticoatdreams.co.uk Choose from a superb selection with national delivery. Brought to you by WeddingFriend
ham,I wont. So wat's wit the guys
ham,Please give it 2  or i will pick it up on Tuesday evening about 8 if that is ok.
ham,On ma way to school. Can you pls send me ashley's number
ham,I've reached home finally...
ham,It's justbeen overa week since we broke up and already our brains are going to mush!
ham,"Hello, hello, hi lou sorry it took so long 2 reply- I left mobile at friends in Lancaster, just got it bak Neway im sorry I couldnåÕt make ur båÕday 2 hun!"
ham,Don't forget who owns you and who's private property you are ... And be my good boy always .. *passionate kiss*
ham,Are you staying in town ?
spam,"Dear Voucher Holder, To claim this weeks offer, at you PC please go to http://www.e-tlp.co.uk/reward. Ts&Cs apply."
spam,Missed call alert. These numbers called but left no message. 07008009200
ham,Aaooooright are you at work?
ham,"G says you never answer your texts, confirm/deny"
ham,I'm going for bath will msg you next  &lt;#&gt;  min..
ham,I'll meet you in the lobby
ham,"I wonder how you got online, my love ? Had you gone to the net cafe ? Did you get your phone recharged ? Were you on a friends net ? I think of you, boytoy"
ham,"Could you not read me, my Love ? I answered you"
ham,I'll let you know when it kicks in
ham,"Haha get used to driving to usf man, I know a lot of stoners"
spam,Todays Voda numbers ending with 7634 are selected to receive a å£350 reward. If you have a match please call 08712300220 quoting claim code 7684 standard rates apply.
ham,Take us out shopping and Mark will distract Isaiah.=D
ham,Ok.
ham,"awesome, how do I deal with the gate? Charles told me last night but, uh, yeah"
ham,"Haha awesome, omw back now then"
ham,I have a rather prominent bite mark on my right cheek
ham,"Give her something to drink, if she takes it and doesn't vomit then you her temp might drop. If she unmits however let me know."
spam,You are awarded a SiPix Digital Camera! call 09061221061 from landline. Delivery within 28days. T Cs Box177. M221BP. 2yr warranty. 150ppm. 16 . p på£3.99
spam,Urgent! Please call 09061743811 from landline. Your ABTA complimentary 4* Tenerife Holiday or å£5000 cash await collection SAE T&Cs Box 326 CW25WX 150ppm
ham,"I'm not coming over, do whatever you want"
ham,Yar lor wait 4 my mum 2 finish sch then have lunch lor... I whole morning stay at home clean my room now my room quite clean... Hee...
ham,"GOD ASKED, \What is forgiveness?\"" A little child gave lovely reply"
ham,You tell what happen dont behave like this to me. Ok no need to say
ham,Eh den sat u book e kb liao huh...
ham,"Babe, I need your advice"
ham,"It's ok, at least armand's still around"
ham,ILL B DOWN SOON
spam,You have an important customer service announcement. Call FREEPHONE 0800 542 0825 now!
ham,No. Its not specialisation. Can work but its slave labor. Will look for it this month sha cos no shakara 4 beggar.
ham,"That's cool he'll be here all night, lemme know when you're around"
ham,True lov n care wil nevr go unrecognized. though somone often makes mistakes when valuing it. but they will definitly undrstnd once when they start missing it.
ham,Prof: you have passed in all the papers in this sem congrats . . . . Student: Enna kalaachutaarama..!! Prof:???? Gud mrng!
ham,U havenåÕt lost me ill always b here 4u.i didnåÕt intend 2 hurt u but I never knew how u felt about me when Iwas+marine&thatåÕs what itried2tell urmom.i careabout u
ham,Uhhhhrmm isnt having tb test bad when youre sick
spam,"SMS SERVICES. for your inclusive text credits, pls goto www.comuk.net login= ***** unsubscribe with STOP. no extra charge. help:08700469649. PO BOX420. IP4 5WE"
ham,Been up to ne thing interesting. Did you have a good birthday? When are u wrking nxt? I started uni today.
ham,Fine am simply sitting.
ham,ÌÏ only send me the contents page...
spam,"Gr8 Poly tones 4 ALL mobs direct 2u rply with POLY TITLE to 8007 eg POLY BREATHE1 Titles: CRAZYIN, SLEEPINGWITH, FINEST, YMCA :getzed.co.uk POBox365O4W45WQ 300p"
ham,What should i eat fo lunch senor
ham,Ya but it cant display internal subs so i gotta extract them
spam,ree entry in 2 a weekly comp for a chance to win an ipod. Txt POD to 80182 to get entry (std txt rate) T&C's apply 08452810073 for details 18+
ham,You give us back my id proof and  &lt;#&gt;  rs. We wont allow you to work. We will come to your home within days
ham,When are you going to ride your bike?
ham,Easy ah?sen got selected means its good..
ham,Sary just need Tim in the bollox &it hurt him a lot so he tol me!
ham,Can you use foreign stamps for whatever you send them off for? 
ham,(You didn't hear it from me)
ham,"Sorry man, my stash ran dry last night and I can't pick up more until sunday"
ham,Rats. Hey did u ever vote for the next themes?
ham,"I promise to take good care of you, princess. I have to run now. Please send pics when you get a chance. Ttyl!"
ham,Goodmorning sleeping ga.
ham,Water logging in desert. Geoenvironmental implications.
ham,"Yeah hopefully, if tyler can't do it I could maybe ask around a bit"
ham,The wine is flowing and i'm i have nevering..
ham,In work now. Going have in few min.
ham,Miles and smiles r made frm same letters but do u know d difference..? smile on ur face keeps me happy even though I am miles away from u.. :-)keep smiling.. Good nyt
ham,"Yeah, we got one lined up for us"
ham,ÌÏ come lt 25 n pass to me lar
ham,Do u still have plumbers tape and a wrench we could borrow?
ham,Are you ok. What happen to behave like this
spam,"HOT LIVE FANTASIES call now 08707509020 Just 20p per min NTT Ltd, PO Box 1327 Croydon CR9 5WB 0870 is a national rate call"
ham,Call me when u finish then i come n pick u.
ham,Where are you ? What are you doing ? Are yuou working on getting the pc to your mom's ? Did you find a spot that it would work ? I need you
spam,"Hottest pics straight to your phone!! See me getting Wet and Wanting, just for you xx Text PICS to 89555 now! txt costs 150p textoperator g696ga 18 XxX"
ham,"My mobile number.pls sms ur mail id.convey regards to achan,amma.Rakhesh.Qatar"
ham,Shall i send that exe to your mail id.
spam,Sex up ur mobile with a FREE sexy pic of Jordan! Just text BABE to 88600. Then every wk get a sexy celeb! PocketBabe.co.uk 4 more pics. 16 å£3/wk 087016248
ham,I dont have any of your file in my bag..i was in work when you called me.i 'll tell you if i find anything in my room.
ham,Ok i juz receive..
ham,Ew are you one of them?
ham,"Motivate Behind every darkness, there is a shining light waiting for you to find it... Behind every best friend, there is always trust and love... BSLVYL"
ham,"\EY! CALM DOWNON THEACUSATIONS.. ITXT U COS IWANA KNOW WOTU R DOIN AT THEW/END... HAVENTCN U IN AGES..RING ME IF UR UP4 NETHING SAT.LOVE J XXX.\"""""
ham,I am back. Bit long cos of accident on a30. Had to divert via wadebridge.I had a brilliant weekend thanks. Speak soon. Lots of love
ham,Hey mr  and I are going to the sea view and having a couple of gays I mean games! Give me a bell when ya finish 
ham,THANX 4 PUTTIN DA FONE DOWN ON ME!!
ham,You only hate me. You can call any but you didnt accept even a single call of mine. Or even you messaged
ham,"Come to me right now, Ahmad"
ham,"Yeah sure, give me a couple minutes to track down my wallet"
spam,Please CALL 08712402902 immediately as there is an urgent message waiting for you.
spam,"Hi ya babe x u 4goten bout me?' scammers getting smart..Though this is a regular vodafone no, if you respond you get further prem rate msg/subscription. Other nos used also. Beware!"
ham,"Men always needs a beautiful, intelligent, caring, loving, adjustable, cooperative wife. But the law allows only one wife...."
ham,"Arms fine, how's Cardiff and uni? "
spam,"Loan for any purpose å£500 - å£75,000. Homeowners + Tenants welcome. Have you been previously refused? We can still help. Call Free 0800 1956669 or text back 'help'"
ham,Ok darlin i supose it was ok i just worry too much.i have to do some film stuff my mate and then have to babysit again! But you can call me there.xx
ham,7 at esplanade.. Do Ì_ mind giving me a lift cos i got no car today..
ham,I've got it down to a tea. not sure which flavour
ham,This pay is  &lt;DECIMAL&gt;  lakhs:)
ham,So wat's da decision?
ham,Fwiw the reason I'm only around when it's time to smoke is that because of gas I can only afford to be around when someone tells me to be and that apparently only happens when somebody wants to light up
ham,"Yes, princess. Are you going to make me moan?"
spam,PRIVATE! Your 2004 Account Statement for 07742676969 shows 786 unredeemed Bonus Points. To claim call 08719180248 Identifier Code: 45239 Expires
ham,Tessy..pls do me a favor. Pls convey my birthday wishes to Nimya..pls dnt forget it. Today is her birthday Shijas
ham,Good Morning my Dear........... Have a great &amp; successful day.
ham,My sort code is  and acc no is . The bank is natwest. Can you reply to confirm i've sent this to the right person!
ham,ÌÏ called dad oredi...
spam,Want a new Video Phone? 750 anytime any network mins? Half price line rental free text for 3 months? Reply or call 08000930705 for free delivery
ham,Then u better go sleep.. Dun disturb u liao.. U wake up then msg me lor..
ham,Ok. But i finish at 6.
ham,Let Ur Heart Be Ur Compass Ur Mind Ur Map Ur Soul Ur Guide And U Will Never loose in world....gnun - Sent via WAY2SMS.COM
spam,Thanks 4 your continued support Your question this week will enter u in2 our draw 4 å£100 cash. Name the NEW US President? txt ans to 80082
ham,"As in missionary hook up, doggy hook up, standing...|"
spam,"\URGENT! This is the 2nd attempt to contact U!U have WON å£1000CALL 09071512432 b4 300603t&csBCM4235WC1N3XX.callcost150ppmmobilesvary. maxå£7. 50\"""""
ham,I notice you like looking in the shit mirror youre turning into a right freak
ham,Do you like Italian food?
ham,Fine. Do you remember me.
ham,Yo dude guess who just got arrested the other day
ham,When you are big..| God will bring success.
ham,I am going to film 2day da. At 6pm. Sorry da.
ham,\HEY BABE! FAR 2 SPUN-OUT 2 SPK AT DA MO... DEAD 2 DA WRLD. BEEN SLEEPING ON DA SOFA ALL DAY
ham,That means get the door
ham,"No I'm good for the movie, is it ok if I leave in an hourish?"
ham,Purity of friendship between two is not about smiling after reading the forwarded message..Its about smiling just by seeing the name. Gud evng musthu
ham,Ard 6 like dat lor.
ham,How come?
ham,Never try alone to take the weight of a tear that comes out of ur heart and falls through ur eyes... Always remember a STUPID FRIEND is here to share... BSLVYL
ham,&lt;#&gt; ISH MINUTES WAS 5 MINUTES AGO. WTF.
ham,Spoons it is then okay?
ham,Ummmmmaah Many many happy returns of d day my dear sweet heart.. HAPPY BIRTHDAY dear
spam,"FreeMsg Hey U, i just got 1 of these video/pic fones, reply WILD to this txt & ill send U my pics, hurry up Im so bored at work xxx (18 150p/rcvd STOP2stop)"
ham,I came hostel. I m going to sleep. Plz call me up before class. Hrishi.
ham,My stomach has been thru so much trauma I swear I just can't eat. I better lose weight.
ham,Horrible bf... I now v hungry...
ham,He's an adult and would learn from the experience. There's no real danger. I just dont like peeps using drugs they dont need. But no comment
ham,Am surfing online store. For offers do you want to buy any thing.
ham,Hi' Test on  &lt;#&gt; rd ....
ham,Oh unintentionally not bad timing. Great. Fingers  the trains play along! Will give fifteen min warning.
ham,HIYA STU WOT U UP 2.IM IN SO MUCH TRUBLE AT HOME AT MOMENT EVONE HATES ME EVEN U! WOT THE HELL AV I DONE NOW? Y WONT U JUST TELL ME TEXT BCK PLEASE LUV DAN 
ham,"Well the general price is  &lt;#&gt; /oz, let me know if/when/how much you want"
spam,Your credits have been topped up for http://www.bubbletext.com Your renewal Pin is tgxxrz
ham,No problem. We will be spending a lot of quality time together...
ham,Yeah whatever lol
ham,Ok...
ham,What's nannys address?
ham,I plane to give on this month end.
ham,Y she dun believe leh? I tot i told her it's true already. I thk she muz c us tog then she believe.
ham,"Solve d Case : A Man Was Found Murdered On  &lt;DECIMAL&gt; . &lt;#&gt;  AfterNoon. 1,His wife called Police. 2,Police questioned everyone. 3,Wife: Sir,I was sleeping, when the murder took place. 4.Cook: I was cooking. 5.Gardener: I was picking vegetables. 6.House-Maid: I went 2 d post office. 7.Children: We went 2 play. 8.Neighbour: We went 2 a marriage. Police arrested d murderer Immediately. Who's It? Reply With Reason, If U r Brilliant."
ham,"I had been hoping i would not have to send you this message. My rent is due and i dont have enough for it. My reserves are completely gone. Its a loan i need and was hoping you could her. The balance is  &lt;#&gt; . Is there a way i could get that from you, till mid march when i hope to pay back."
spam,Join the UK's horniest Dogging service and u can have sex 2nite!. Just sign up and follow the instructions. Txt ENTRY to 69888 now! Nyt.EC2A.3LP.msg@150p
ham,Hello! Good week? Fancy a drink or something later?
ham,Am watching house ÛÒ very entertaining ÛÒ am getting the whole hugh laurie thing ÛÒ even with the stick ÛÒ indeed especially with the stick.
spam,"WELL DONE! Your 4* Costa Del Sol Holiday or å£5000 await collection. Call 09050090044 Now toClaim. SAE, TCs, POBox334, Stockport, SK38xh, Costå£1.50/pm, Max10mins"
ham,"&lt;#&gt;  is fast approaching. So, Wish u a very Happy New Year Happy Sankranti Happy republic day Happy Valentines Day Happy Shivratri Happy Ugadi Happy Fools day Happy May Day Happy Independence Day, Happy Friendship,Mother,Father,Teachers,Childrens Day, &amp; HAPPY BIRTHDAY 4 U. Happy Ganesh festival Happy Dasara Happy Diwali Happy Christmas  &lt;#&gt;  Good Mornings Afternoons, Evenings Nights. RememberI AM the first to WISHING U ALL THESE...your's Raj"
ham,dont make ne plans for nxt wknd coz she wants us to come down then ok
ham,Nope i'll come online now..
ham,Orh i tot u say she now still dun believe.
ham,Then what about further plan?
ham,Sac needs to carry on:)
ham,Well. Im computerless. Time to make some oreo truffles
ham,At home also.
ham,Goodmorning today i am late for  &lt;DECIMAL&gt; min.
spam,"As a valued customer, I am pleased to advise you that following recent review of your Mob No. you are awarded with a å£1500 Bonus Prize, call 09066368470"
ham,S....s...india going to draw the series after many years in south african soil..
ham,Dear reached railway. What happen to you
ham,Sorry i din lock my keypad.
ham,Hows the street where the end of library walk is?
ham,You always make things bigger than they are
ham,Do you still have the grinder?
ham,"Tee hee. Off to lecture, cheery bye bye."
ham,Great! So what attracts you to the brothas?
spam,Monthly password for wap. mobsi.com is 391784. Use your wap phone not PC.
ham,Also remember the beads don't come off. Ever.
ham,Dunno i juz askin cos i got a card got 20% off 4 a salon called hair sense so i tot it's da one Ì_ cut ur hair. 
ham,Are we doing the norm tomorrow? I finish just a 4.15 cos of st tests. Need to sort library stuff out at some point tomo - got letter from today - access til end march so i better get move on!
ham,K I'll be there before 4.
ham,Ok . . now i am in bus. . If i come soon i will come otherwise tomorrow
ham,Where is that one day training:-)
spam,"HOT LIVE FANTASIES call now 08707509020 Just 20p per min NTT Ltd, PO Box 1327 Croydon CR9 5WB 0870..k"
spam,"Twinks, bears, scallies, skins and jocks are calling now. Don't miss the weekend's fun. Call 08712466669 at 10p/min. 2 stop texts call 08712460324(nat rate)"
ham,"So check your errors and if you had difficulties, do correction."
ham,No my mum went 2 dentist.
ham,Ok
ham,Take care and sleep well.you need to learn to change in life.you only need to get CONVINCED on that.i will wait but no more conversations between us.GET CONVINCED by that time.Your family is over for you in many senses.respect them but not overemphasise.or u have no role in my life.
ham,Lul im gettin some juicy gossip at the hospital. Two nurses are talking about how fat they are gettin. And one thinks shes obese. Oyea.
ham,Thanks  and ! Or bomb and date as my phone wanted to say! 
ham,Unfortunately i've just found out that we have to pick my sister up from the airport that evening so don't think i'll be going out at all. We should try to go out one of th
ham,Just chill for another 6hrs. If you could sleep the pain is not a surgical emergency so see how it unfolds. Okay
ham,"Dont give a monkeys wot they think and i certainly don't mind. Any friend of mine&all that! Just don't sleep wiv , that wud be annoyin!"
ham,"\Getting tickets 4 walsall tue 6 th march. My mate is getting me them on sat. ill pay my treat. Want 2 go. Txt bak .Terry\"""""
ham,* Am on my way
ham,Noooooooo please. Last thing I need is stress. For once in your life be fair.
ham,Are you willing to go for apps class.
spam,Your unique user ID is 1172. For removal send STOP to 87239 customer services 08708034412
ham,"I don't have anybody's number, I still haven't thought up a tactful way to ask alex"
ham,"Life is more strict than teacher... Bcoz Teacher teaches lesson &amp; then conducts exam, But Life first conducts Exam &amp; then teaches Lessons. Happy morning. . ."
ham,Wife.how she knew the time of murder exactly
ham,How much she payed. Suganya.
ham,"Think i might have to give it a miss. Am teaching til twelve, then have lecture at two. Damn this working thing."
ham,Good evening! this is roger. How are you?
ham,"K, I'll work something out"
ham,"Miss ya, need ya, want ya, love ya."
ham,Let me know how to contact you. I've you settled in a room. Lets know you are ok.
ham,Yes we were outside for like 2 hours. And I called my whole family to wake them up cause it started at 1 am
ham,They r giving a second chance to rahul dengra.
ham,"\ALRITE HUNNY!WOT U UP 2 2NITE? DIDNT END UP GOIN DOWN TOWN JUS DA PUB INSTEAD! JUS CHILLIN AT DA MO IN ME BEDROOM!LOVE JEN XXX.\"""""
ham,Sounds great! Are you home now?
ham,True dear..i sat to pray evening and felt so.so i sms'd you in some time...
ham,When did i use soc... I use it only at home... ÌÏ dunno how 2 type it in word ar...
ham,hi baby im cruisin with my girl friend what r u up 2? give me a call in and hour at home if thats alright or fone me on this fone now love jenny xxx
ham,Sun ah... Thk mayb can if dun have anythin on... Thk have to book e lesson... E pilates is at orchard mrt u noe hor...  
ham,"Alright omw, gotta change my order to a half8th"
ham,I might come to kerala for 2 days.so you can be prepared to take a leave once i finalise .dont plan any travel during my visit.need to finish urgent works.
ham,U sleeping now.. Or you going to take? Haha.. I got spys wat.. Me online checking n replying mails lor..
ham,Ha... U jus ate honey ar? So sweet...
ham,Dip's cell dead. So i m coming with him. U better respond else we shall come back.
ham,In life when you face choices Just toss a coin not becoz its settle the question But while the coin in the air U will know what your heart is hoping for. Gudni8
ham,It has everything to do with the weather. Keep extra warm. Its a cold but nothing serious. Pls lots of vitamin c
ham,"Hey elaine, is today's meeting still on?"
ham,"When you get free, call me"
ham,Rofl. Its true to its name
spam,"Congrats 2 mobile 3G Videophones R yours. call 09063458130 now! videochat wid ur mates, play java games, Dload polypH music, noline rentl. bx420. ip4. 5we. 150p"
ham,When is school starting. Where will you stay. What's the weather like. And the food. Do you have a social support system like friends in the school. All these things are important.
ham,Does not operate after  &lt;#&gt;  or what
ham,You got job in wipro:)you will get every thing in life in 2 or 3 years.
spam,"Final Chance! Claim ur å£150 worth of discount vouchers today! Text YES to 85023 now! SavaMob, member offers mobile! T Cs SavaMob POBOX84, M263UZ. å£3.00 Subs 16"
ham,ÌÏ comin to fetch us oredi...
ham,Hi.:)technical support.providing assistance to us customer through call and email:)
ham,Otherwise had part time job na-tuition..
ham,Sweet heart how are you?
ham,No da:)he is stupid da..always sending like this:)don believe any of those message.pandy is a mental:)
ham,How are you doing? Hope you've settled in for the new school year. Just wishin you a gr8 day
ham,Eh u send wrongly lar...
ham,Jesus christ bitch I'm trying to give you drugs answer your fucking phone
ham,Hai dear friends... This is my new &amp; present number..:) By Rajitha Raj (Ranju)
spam,"U can WIN å£100 of Music Gift Vouchers every week starting NOW Txt the word DRAW to 87066 TsCs www.ldew.com SkillGame,1Winaweek, age16.150ppermessSubscription"
ham,HI ITS JESS I DONT KNOW IF YOU ARE AT WORK BUT CALL ME WHEN U CAN IM AT HOME ALL EVE. XXX
ham,"Hi, Mobile no.  &lt;#&gt;  has added you in their contact list on www.fullonsms.com It s a great place to send free sms to people For more visit fullonsms.com"
ham,I'm home. Doc gave me pain meds says everything is fine.
ham,I borrow ur bag ok.
ham,I've sent Ì_ my part..
ham,Do u hav any frnd by name ashwini in ur college?
ham,I love u 2 babe! R u sure everything is alrite. Is he being an idiot? Txt bak girlie
spam,Sunshine Quiz Wkly Q! Win a top Sony DVD player if u know which country Liverpool played in mid week? Txt ansr to 82277. å£1.50 SP:Tyrone
ham,U free on sat rite? U wan 2 watch infernal affairs wif me n darren n mayb xy?
ham,"Oops, I'll let you know when my roommate's done"
ham,Call to the number which is available in appointment. And ask to connect the call to waheed fathima.
ham,"Ahhhh...just woken up!had a bad dream about u tho,so i dont like u right now :) i didnt know anything about comedy night but i guess im up for it."
spam,Panasonic & BluetoothHdset FREE. Nokia FREE. Motorola FREE & DoubleMins & DoubleTxt on Orange contract. Call MobileUpd8 on 08000839402 or call 2optout
ham,Yup no more already... Thanx 4 printing n handing it up.
ham,"Ok omw now, you at castor?"
ham,ÌÏ say until like dat i dun buy ericsson oso cannot oredi lar...
ham,"Em, its olowoyey@ usc.edu have a great time in argentina. Not sad about secretary, everything is a blessing"
ham,What to think no one saying clearly. Ok leave no need to ask her. I will go if she come or not
ham,Text her. If she doesnt reply let me know so i can have her log in
ham,Have you always been saying welp?
ham,I am joining today formally.Pls keep praying.will talk later.
ham,First answer my question.
ham,Then u going ikea str aft dat?
ham,He didn't see his shadow. We get an early spring yay
ham,U horrible gal... U knew dat i was going out wif him yest n u still come n ask me...
ham,"Sorry, I can't text &amp; drive coherently, see you in twenty"
ham,Dont you have message offer
spam,Well done ENGLAND! Get the official poly ringtone or colour flag on yer mobile! text TONE or FLAG to 84199 NOW! Opt-out txt ENG STOP. Box39822 W111WX å£1.50
ham,Wat time u finish ur lect today?
ham,Will be office around 4 pm. Now i am going hospital.
ham,"Sorry chikku, my cell got some problem thts y i was nt able to reply u or msg u.."
ham,May i call You later Pls
ham,There's no point hangin on to mr not right if he's not makin u happy
ham,I have had two more letters from . I will copy them for you cos one has a message for you. Speak soon
ham,Jay says that you're a double-faggot
ham,When did you get to the library
ham,U wake up already? Thanx 4 e tau sar piah it's quite nice.
ham,Pls go there today  &lt;#&gt; . I dont want any excuses
ham,"The word \Checkmate\"" in chess comes from the Persian phrase \""Shah Maat\"" which means; \""the king is dead..\"" Goodmorning.. Have a good day..:)"""
ham,IÛ÷m going to try for 2 months ha ha only joking
ham,I am going to sao mu today. Will be done only at 12 
ham,"Well the weather in cali's great. But its complexities are great. You need a car to move freely, its taxes are outrageous. But all in all its a great place. The sad part is i missing home."
ham,"Sir, I am waiting for your mail."
ham,Should i send you naughty pix? :)
spam,"URGENT! Your mobile No 077xxx WON a å£2,000 Bonus Caller Prize on 02/06/03! This is the 2nd attempt to reach YOU! Call 09066362206 ASAP! BOX97N7QP, 150ppm"
ham,Oh ok..
ham,Up to Ì_... ÌÏ wan come then come lor... But i din c any stripes skirt...
ham,Check with nuerologist.
ham,MY NEW YEARS EVE WAS OK. I WENT TO A PARTY WITH MY BOYFRIEND. WHO IS THIS SI THEN HEY
ham,"So many people seems to be special at first sight, But only very few will remain special to you till your last sight.. Maintain them till life ends.. take cr da"
ham,"Sorry, I'll call later"
ham,tap & spile at seven. * Is that pub on gas st off broad st by canal. Ok?
ham,I'm serious. You are in the money base
ham,"I don't know, same thing that's wrong everyso often, he panicks starts goin on bout not bein good enough Û_"
ham,Got c... I lazy to type... I forgot Ì_ in lect... I saw a pouch but like not v nice...
spam,"Loan for any purpose å£500 - å£75,000. Homeowners + Tenants welcome. Have you been previously refused? We can still help. Call Free 0800 1956669 or text back 'help'"
ham,Not sure I have the stomach for it ...
ham,Ultimately tor motive tui achieve korli.
ham,Am in gobi arts college
ham,Hello! How r u? Im bored. Inever thought id get bored with the tv but I am. Tell me something exciting has happened there? Anything! =/
